Treatment	Block	Row	Position	Manual Petiole Length (cm)	Manual Petiole Width (cm)	Digital Petiole Length (cm)	Digital Petiole Width (cm)
C	1	46	1	2.103	0.143	1.989	0.2325
C	1	46	2	4.393	0.231	4.565	0.2445
C	1	46	4	3.679	0.225	3.844	0.2432
C	1	46	5	3.34	0.252	3.61	0.2648
C	1	46	6	3.91	0.213	4.027	0.2443
C	1	46	8	3.206	0.216	3.423	0.2508
C	1	46	9	4.005	0.164	4.121	0.2077
C	1	46	15	3.744	0.17	3.872	0.1974
C	1	46	16	3.294	0.211	3.588	0.2554
C	1	46	17	3.269	0.189	3.253	0.2341
C	1	46	11	5.486	0.201	5.64	0.2314
C	1	46	18	3.343	0.262	3.412	0.2881
C	1	46	19	2.757	0.224	2.756	0.2479
C	1	46	14	2.334	0.181	2.32	0.2491
C	1	46	20	3.494	0.131	3.566	0.1727
C	1	46	24	4.095	0.191	4.238	0.2182
C	1	46	22	3.333	0.253	3.306	0.265
C	1	46	26	2.714	0.158	2.955	0.2474
C	1	46	27	3.682	0.257	3.898	0.2801
C	1	46	25	3.444	0.226	3.528	0.2576
C	1	46	28	4.031	0.241	4.057	0.2597
C	1	46	7	3.096	0.184	3.346	0.2221
C	1	46	3	3.254	0.192	3.688	0.2264
C	1	46	10	1.797	0.185	1.932	0.2404
C	1	46	23	2.5	0.245	2.52	0.2841
C	1	46	12	1.406	0.206	1.391	0.2507
C	1	46	21	3.629	0.223	3.438	0.2549
C	1	46	13	2.162	0.165	2.069	0.2285
C	1	46	29	4.279	0.24	4.319	0.2727
C	1	46	30	3.013	0.147	3.099	0.1993
C	1	45	1	4.391	0.163	4.417	0.1919
C	1	45	3	3.631	0.227	3.69	0.2432
C	1	45	5	3.4	0.188	3.534	0.2226
C	1	45	4	4.494	0.209	4.523	0.2347
C	1	45	6	5.047	0.177	5.121	0.2265
C	1	45	7	4.332	0.222	4.351	0.2659
C	1	45	10	2.665	0.179	2.515	0.2405
C	1	45	9	2.941	0.197	2.935	0.2251
C	1	45	13	3.288	0.178	3.537	0.1932
C	1	45	14	4.72	0.171	4.667	0.2136
C	1	45	16	3.394	0.19	3.627	0.214
C	1	45	17	3.837	0.173	4.001	0.2009
C	1	45	19	3.172	0.253	3.08	0.2963
C	1	45	20	1.948	0.219	2.064	0.262
C	1	45	22	3.253	0.189	3.402	0.2089
C	1	45	25	3.428	0.207	3.544	0.2527
C	1	45	26	3.22	0.205	3.361	0.2272
C	1	45	28	2.733	0.235	2.718	0.2693
C	1	45	27	2.687	0.201	2.772	0.2551
C	1	45	29	3.624	0.226	3.809	0.2563
C	1	45	30	3.775	0.301	4.058	0.347
C	1	45	23	3.572	0.212	3.578	0.2184
C	1	45	21	3.315	0.146	3.341	0.1659
C	1	45	24	3.703	0.209	3.778	0.2394
C	1	45	18	2.679	0.16	2.588	0.2267
C	1	45	15	1.862	0.198	2.13	0.2414
C	1	45	11	4.624	0.256	4.498	0.2634
C	1	45	8	2.723	0.174	2.644	0.2256
C	1	45	12	3.518	0.236	3.185	0.2789
C	1	45	2	3.489	0.226	3.397	0.2596
C	1	44	29	2.597	0.211	2.641	0.2274
C	1	44	28	4.614	0.222	4.74	0.2502
C	1	44	27	2.773	0.193	2.879	0.2313
C	1	44	26	2.738	0.166	2.91	0.2047
C	1	44	24	4.835	0.172	4.827	0.2327
C	1	44	5	3.377	0.225	3.475	0.257
C	1	44	21	2.139	0.17	2.409	0.2179
C	1	44	23	3.443	0.214	3.537	0.2663
C	1	44	15	2.661	0.17	2.633	0.2137
C	1	44	11	2.62	0.212	2.611	0.2617
C	1	44	25	5.339	0.262	5.327	0.2752
C	1	44	19	2.597	0.185	2.658	0.2387
C	1	44	22	2.677	0.21	2.732	0.2391
C	1	44	18	2.971	0.162	2.903	0.2063
C	1	44	17	2.889	0.177	2.848	0.1987
C	1	44	13	3.216	0.208	3.21	0.2269
C	1	44	12	2.892	0.171	3.083	0.2248
C	1	44	14	2.891	0.19	3.058	0.2331
C	1	44	16	2.167	0.194	2.334	0.2097
C	1	44	9	4.93	0.251	4.913	0.262
C	1	44	8	3.694	0.178	3.654	0.1986
C	1	44	7	3.588	0.227	3.481	0.2525
C	1	44	6	2.15	0.178	2.182	0.2556
C	1	44	4	3.214	0.183	3.128	0.2373
C	1	44	3	3.355	0.223	3.442	0.253
C	1	44	2	3.149	0.198	3.255	0.2278
C	1	44	1	5.2	0.271	5.233	0.29
C	1	43	9	1.973	0.143	2.047	0.2233
C	1	43	10	1.874	0.191	1.827	0.2354
C	1	43	11	2.112	0.209	2.093	0.2633
C	1	43	12	4.806	0.21	4.726	0.2481
C	1	43	8	3.775	0.135	3.743	0.2
C	1	43	1	4.946	0.244	5.15	0.2637
C	1	43	2	2.491	0.25	2.687	0.3087
C	1	43	15	2.335	0.18	2.39	0.209
C	1	43	18	2.745	0.229	2.758	0.2698
C	1	43	17	2.407	0.177	1.967	0.2135
C	1	43	20	4.422	0.247	4.575	0.2654
C	1	43	23	4.21	0.188	4.571	0.2215
C	1	43	28	4.844	0.224	4.909	0.258
C	1	43	29	2.988	0.151	2.932	0.1864
C	1	43	30	3.209	0.257	3.256	0.2659
C	1	43	27	3.147	0.242	3.433	0.2545
C	1	43	26	2.811	0.247	3.0	0.2949
C	1	43	25	3.185	0.257	3.328	0.2676
C	1	43	24	4.375	0.216	4.436	0.234
C	1	43	22	3.929	0.224	4.082	0.2429
C	1	43	21	3.411	0.212	3.433	0.2311
C	1	43	19	3.295	0.247	3.042	0.3129
C	1	43	16	4.277	0.175	4.379	0.2276
C	1	43	14	4.412	0.238	4.666	0.2743
C	1	43	13	3.636	0.206	3.637	0.2328
C	1	43	3	3.594	0.168	3.523	0.2114
C	1	43	4	3.3	0.18	3.173	0.2223
C	1	43	5	4.148	0.277	4.272	0.2674
C	1	43	6	3.249	0.298	3.367	0.3015
C	1	42	1	3.216	0.249	2.742	0.2834
C	1	42	3	2.019	0.196	1.998	0.2374
C	1	42	5	2.724	0.229	2.366	0.2894
C	1	42	21	3.678	0.208	3.651	0.253
C	1	42	22	5.984	0.185	5.95	0.2117
C	1	42	10	3.185	0.182	3.363	0.2193
C	1	42	11	4.658	0.246	4.577	0.274
C	1	42	16	2.563	0.155	2.661	0.2134
C	1	42	20	5.4	0.266	5.582	0.2604
C	1	42	15	2.758	0.186	2.887	0.2167
C	1	42	23	3.702	0.19	3.877	0.2244
C	1	42	25	3.281	0.267	3.495	0.3113
C	1	42	30	3.79	0.208	3.674	0.2347
C	1	42	29	2.94	0.154	2.893	0.1832
C	1	42	28	3.964	0.226	3.987	0.2332
C	1	42	26	4.114	0.186	4.252	0.1988
C	1	42	19	3.922	0.191	3.761	0.2308
C	1	42	27	3.686	0.185	3.798	0.2094
C	1	42	24	2.848	0.21	3.011	0.245
C	1	42	17	3.175	0.242	3.224	0.268
C	1	42	14	4.535	0.249	4.514	0.2665
C	1	42	12	2.876	0.218	2.951	0.2566
C	1	42	9	4.02	0.264	4.059	0.3021
C	1	42	18	3.134	0.231	3.264	0.2755
C	1	42	13	3.632	0.194	3.607	0.2119
C	1	42	8	3.346	0.184	3.18	0.2016
C	1	42	7	4.786	0.245	4.87	0.2582
C	1	42	6	5.27	0.218	5.489	0.237
C	1	42	4	3.128	0.217	3.02	0.2272
C	1	42	2	3.155	0.197	3.347	0.221
C	1	41	5	2.667	0.228	2.583	0.2221
C	1	41	11	3.376	0.245	3.332	0.2772
C	1	41	15	4.22	0.215	4.246	0.2416
C	1	41	14	1.902	0.197	1.95	0.2481
C	1	41	24	4.169	0.201	4.277	0.2268
C	1	41	13	3.483	0.289	3.599	0.3037
C	1	41	21	4.905	0.226	4.971	0.2557
C	1	41	16	4.741	0.179	4.888	0.2212
C	1	41	27	4.681	0.198	4.597	0.2336
C	1	41	23	2.933	0.24	2.891	0.2912
C	1	41	22	3.912	0.174	3.964	0.2006
C	1	41	28	3.964	0.282	4.133	0.2899
C	1	41	29	3.219	0.238	3.206	0.2829
C	1	41	30	4.264	0.174	4.398	0.2108
C	1	41	25	4.232	0.194	4.293	0.2376
C	1	41	26	3.572	0.29	3.708	0.2804
C	1	41	20	3.514	0.211	3.589	0.2422
C	1	41	19	3.746	0.234	3.97	0.2751
C	1	41	17	3.111	0.155	3.245	0.2142
C	1	41	18	4.617	0.259	4.659	0.2733
C	1	41	12	4.514	0.182	4.649	0.2053
C	1	41	9	3.276	0.223	3.416	0.2592
C	1	41	10	4.673	0.206	4.886	0.2269
C	1	41	8	4.46	0.278	4.624	0.2879
C	1	41	7	3.437	0.22	3.702	0.259
C	1	41	6	4.001	0.244	4.196	0.2579
C	1	41	4	3.975	0.261	4.086	0.2699
C	1	41	3	3.303	0.199	3.273	0.2326
C	1	41	2	2.909	0.203	2.957	0.2333
C	1	40	28	2.852	0.193	2.813	0.2441
C	1	40	29	3.95	0.235	4.099	0.2471
C	1	40	26	3.23	0.2	3.439	0.2529
C	1	40	24	3.131	0.211	3.22	0.2403
C	1	40	23	3.385	0.202	3.231	0.2433
C	1	40	20	3.725	0.216	4.152	0.2587
C	1	40	25	3.157	0.202	3.336	0.2294
C	1	40	22	4.214	0.237	4.125	0.2609
C	1	40	27	5.284	0.239	5.789	0.2515
C	1	40	21	3.682	0.213	4.102	0.2436
C	1	40	18	3.763	0.202	4.099	0.2273
C	1	40	17	2.493	0.182	2.574	0.2715
C	1	40	16	3.731	0.223	4.116	0.2587
C	1	40	19	5.173	0.244	5.72	0.2727
C	1	40	11	3.062	0.178	3.154	0.2056
C	1	40	13	3.124	0.166	3.499	0.1831
C	1	40	14	3.952	0.241	3.998	0.2667
C	1	40	15	4.566	0.194	4.889	0.2274
C	1	40	30	4.041	0.276	4.349	0.2909
C	1	40	8	3.785	0.183	4.055	0.2442
C	1	40	7	1.649	0.165	1.693	0.2301
C	1	40	9	3.681	0.23	3.547	0.2807
C	1	40	12	4.839	0.231	4.608	0.2655
C	1	40	10	3.969	0.172	3.757	0.2285
C	1	40	1	5.58	0.279	5.595	0.3072
C	1	40	2	4.524	0.266	4.826	0.2742
C	1	40	3	3.844	0.171	4.278	0.2044
C	1	40	4	4.298	0.269	4.548	0.2684
C	1	40	5	4.368	0.207	4.531	0.2293
C	1	39	30	3.963	0.239	3.948	0.2605
C	1	39	29	3.473	0.242	3.373	0.2584
C	1	39	27	5.108	0.292	5.322	0.2841
C	1	39	28	3.953	0.183	3.921	0.2106
C	1	39	24	4.105	0.218	3.974	0.2387
C	1	39	26	4.146	0.197	4.309	0.2347
C	1	39	23	2.655	0.225	2.78	0.2555
C	1	39	22	2.873	0.232	2.837	0.2486
C	1	39	20	3.822	0.201	3.659	0.2221
C	1	39	19	3.545	0.2	3.473	0.2168
C	1	39	21	4.851	0.226	4.991	0.2331
C	1	39	18	3.376	0.291	3.422	0.2929
C	1	39	17	3.278	0.221	3.352	0.2441
C	1	39	16	3.733	0.176	4.078	0.1943
C	1	39	15	4.072	0.192	4.421	0.2147
C	1	39	14	3.273	0.186	3.372	0.2185
C	1	39	12	3.066	0.205	3.222	0.2396
C	1	39	13	4.175	0.2	4.21	0.2309
C	1	39	11	3.598	0.187	3.379	0.228
C	1	39	2	2.625	0.129	2.548	0.1851
C	1	39	10	3.511	0.229	3.698	0.2586
C	1	39	3	3.151	0.244	3.376	0.2486
C	1	39	9	4.053	0.258	4.153	0.2687
C	1	39	8	2.755	0.179	3.006	0.2122
C	1	39	6	2.494	0.208	2.367	0.2403
C	1	39	7	4.246	0.187	4.165	0.199
C	1	39	4	3.605	0.24	3.519	0.2591
C	1	39	5	3.376	0.192	3.056	0.2097
C	1	39	1	3.736	0.256	3.991	0.2624
C	1	38	2	2.809	0.203	2.962	0.2273
C	1	38	5	3.171	0.254	3.133	0.2899
C	1	38	3	2.358	0.224	2.408	0.2705
C	1	38	9	4.019	0.191	4.08	0.2058
C	1	38	4	3.433	0.251	3.378	0.26
C	1	38	8	4.031	0.264	4.413	0.2808
C	1	38	7	3.503	0.214	3.412	0.2172
C	1	38	6	2.662	0.248	2.674	0.2677
C	1	38	17	2.424	0.171	2.624	0.1919
C	1	38	14	4.46	0.236	4.465	0.248
C	1	38	18	3.87	0.274	4.239	0.2868
C	1	38	20	4.529	0.261	4.298	0.2761
C	1	38	21	3.543	0.194	3.492	0.2186
C	1	38	28	2.883	0.22	2.789	0.2545
C	1	38	27	4.729	0.312	4.819	0.3363
C	1	38	30	3.249	0.197	3.469	0.2215
C	1	38	26	2.944	0.176	3.171	0.2129
C	1	38	23	3.527	0.206	3.811	0.2363
C	1	38	22	4.744	0.192	4.746	0.2041
C	1	38	24	4.054	0.246	4.125	0.2667
C	1	38	13	4.499	0.303	4.416	0.3147
C	1	38	19	4.178	0.214	4.208	0.2318
C	1	38	12	4.161	0.237	4.483	0.2406
C	1	38	15	3.254	0.192	3.314	0.215
C	1	38	10	5.245	0.243	5.247	0.2472
C	1	37	5	1.882	0.347	1.936	0.3329
C	1	37	13	3.441	0.159	3.549	0.1887
C	1	37	10	2.556	0.234	2.633	0.2554
C	1	37	20	3.099	0.169	3.083	0.202
C	1	37	23	3.604	0.173	3.633	0.2076
C	1	37	26	5.092	0.296	5.208	0.291
C	1	37	25	3.272	0.146	3.362	0.1767
C	1	37	29	3.449	0.2	3.452	0.2068
C	1	37	22	3.715	0.242	3.981	0.2585
C	1	37	27	2.474	0.167	2.459	0.2014
C	1	37	24	3.206	0.176	3.094	0.216
C	1	37	28	3.215	0.222	3.329	0.2587
C	1	37	8	3.511	0.187	3.394	0.2283
C	1	37	18	2.796	0.226	2.947	0.2417
C	1	37	21	4.639	0.192	4.565	0.2075
C	1	37	17	4.015	0.214	4.211	0.2394
C	1	37	7	3.927	0.18	3.778	0.2094
C	1	37	12	4.171	0.229	3.948	0.218
C	1	37	11	1.8	0.121	1.829	0.1675
C	1	37	6	3.957	0.205	3.834	0.247
C	1	37	16	2.157	0.177	2.023	0.2189
C	1	37	15	2.255	0.237	2.258	0.251
C	1	37	14	3.455	0.216	3.537	0.2084
C	1	37	9	3.127	0.18	3.301	0.202
C	1	37	3	3.257	0.245	3.575	0.2846
C	1	37	2	3.066	0.229	3.041	0.2564
C	1	37	4	3.886	0.251	4.133	0.2705
C	1	37	1	2.698	0.165	2.645	0.1941
C	1	36	3	3.086	0.258	3.147	0.2629
C	1	36	4	2.957	0.212	3.105	0.2443
C	1	36	5	4.045	0.207	4.18	0.224
C	1	36	8	4.441	0.217	4.557	0.2473
C	1	36	10	2.063	0.183	2.031	0.1974
C	1	36	6	3.572	0.224	3.528	0.2513
C	1	36	12	4.03	0.204	3.919	0.2196
C	1	36	9	3.365	0.254	3.468	0.2833
C	1	36	7	2.904	0.221	2.989	0.2297
C	1	36	17	3.273	0.21	3.866	0.2277
C	1	36	14	2.859	0.201	2.985	0.2113
C	1	36	28	3.532	0.208	3.583	0.2159
C	1	36	13	3.527	0.176	3.439	0.1964
C	1	36	11	3.481	0.186	3.409	0.1977
C	1	36	26	3.036	0.203	3.087	0.2221
C	1	36	29	2.739	0.221	2.686	0.2543
C	1	36	15	3.665	0.2	3.663	0.2144
C	1	36	21	4.63	0.184	4.726	0.1977
C	1	36	27	3.576	0.187	3.752	0.2047
C	1	36	24	3.181	0.21	3.058	0.2333
C	1	36	22	4.842	0.208	4.947	0.2362
C	1	36	23	2.831	0.229	2.814	0.2388
C	1	36	20	3.232	0.216	3.238	0.2356
C	1	36	19	3.902	0.185	3.872	0.213
C	1	36	16	2.149	0.174	2.044	0.1926
C	1	36	18	3.887	0.265	4.014	0.2649
C	1	36	1	3.555	0.161	3.408	0.1858
C	1	36	2	3.68	0.203	3.791	0.2116
C	1	35	21	3.781	0.227	3.853	0.2536
C	1	35	5	3.991	0.171	4.182	0.2026
C	1	35	28	3.585	0.236	3.642	0.2559
C	1	35	8	3.281	0.249	2.96	0.2523
C	1	35	4	4.484	0.247	4.624	0.2386
C	1	35	3	3.552	0.2	3.649	0.2299
C	1	35	2	2.988	0.261	3.045	0.2768
C	1	35	1	3.434	0.218	3.539	0.2341
C	1	35	7	3.889	0.261	3.914	0.269
C	1	35	10	3.941	0.266	4.161	0.2783
C	1	35	15	5.69	0.283	5.81	0.287
C	1	35	14	3.902	0.217	3.785	0.2454
C	1	35	16	3.704	0.225	3.61	0.2592
C	1	35	19	3.778	0.233	4.227	0.2652
C	1	35	29	3.426	0.303	3.584	0.3236
C	1	35	25	3.791	0.224	3.848	0.2374
C	1	35	24	3.846	0.247	3.998	0.2729
C	1	35	23	3.73	0.207	3.796	0.209
C	1	35	18	2.961	0.25	2.945	0.2496
C	1	35	22	3.094	0.177	3.18	0.1786
C	1	35	30	2.467	0.251	2.649	0.2766
C	1	35	20	4.967	0.275	5.243	0.2983
C	1	35	26	3.208	0.254	3.229	0.2747
C	1	35	17	3.47	0.227	3.559	0.2161
C	1	35	12	4.257	0.265	4.417	0.2609
C	1	35	13	5.445	0.25	5.652	0.2573
C	1	35	11	3.497	0.216	3.535	0.2196
C	1	35	6	3.397	0.232	3.514	0.238
C	1	35	9	3.237	0.3	3.15	0.283
C	1	34	28	3.274	0.296	3.194	0.3066
C	1	34	27	3.276	0.238	3.324	0.2526
C	1	34	30	3.122	0.192	3.296	0.2052
C	1	34	29	3.644	0.225	3.64	0.2368
C	1	34	26	3.077	0.199	3.261	0.2259
C	1	34	20	5.054	0.232	5.385	0.2374
C	1	34	24	4.491	0.231	4.575	0.2395
C	1	34	25	4.035	0.213	4.193	0.2359
C	1	34	21	4.358	0.249	4.462	0.2777
C	1	34	19	4.113	0.248	4.037	0.2476
C	1	34	22	3.303	0.192	3.288	0.2206
C	1	34	15	3.659	0.22	3.556	0.2599
C	1	34	17	4.659	0.347	4.066	0.2972
C	1	34	16	2.568	0.228	2.713	0.2557
C	1	34	18	4.299	0.229	4.702	0.2519
C	1	34	13	2.994	0.303	2.833	0.3057
C	1	34	12	5.897	0.322	5.693	0.3604
C	1	34	11	3.699	0.229	3.602	0.2661
C	1	34	9	3.681	0.198	3.966	0.2113
C	1	34	10	3.706	0.198	3.669	0.2097
C	1	34	8	3.901	0.31	3.975	0.29
C	1	34	7	2.373	0.229	2.465	0.2552
C	1	34	6	2.946	0.272	3.104	0.2655
C	1	34	5	2.463	0.277	2.364	0.2962
C	1	34	4	4.827	0.234	5.069	0.247
C	1	34	3	5.228	0.325	5.451	0.3234
C	1	34	2	3.45	0.283	3.49	0.2822
C	1	34	1	4.047	0.236	4.126	0.2408
C	1	33	30	4.141	0.297	4.113	0.2936
C	1	33	29	2.821	0.198	2.971	0.2183
C	1	33	28	3.791	0.233	4.053	0.2422
C	1	33	27	4.459	0.251	4.576	0.2537
C	1	33	26	3.552	0.251	3.598	0.2642
C	1	33	23	2.841	0.227	2.934	0.2294
C	1	33	21	2.949	0.193	2.978	0.2237
C	1	33	20	4.867	0.23	4.941	0.2422
C	1	33	25	4.545	0.224	4.662	0.2313
C	1	33	24	4.036	0.204	4.282	0.2256
C	1	33	19	4.097	0.19	4.087	0.208
C	1	33	17	3.472	0.228	3.436	0.2415
C	1	33	18	3.612	0.216	3.566	0.2343
C	1	33	16	1.838	0.235	2.046	0.2604
C	1	33	15	4.332	0.234	4.324	0.2428
C	1	33	14	3.995	0.256	4.066	0.2553
C	1	33	13	5.218	0.232	5.116	0.2403
C	1	33	12	1.546	0.215	1.588	0.2676
C	1	33	11	3.156	0.235	3.344	0.2363
C	1	33	1	3.419	0.2	3.575	0.2066
C	1	33	2	3.33	0.21	3.315	0.2362
C	1	33	3	4.879	0.267	4.877	0.2848
C	1	33	4	4.174	0.285	4.164	0.2757
C	1	33	5	2.591	0.237	2.714	0.2456
C	1	33	7	2.281	0.24	2.391	0.2562
C	1	33	6	2.757	0.263	3.018	0.2612
C	1	33	8	3.932	0.281	3.886	0.2845
C	1	33	9	3.784	0.256	3.927	0.2683
C	1	33	10	3.43	0.306	3.362	0.3046
C	1	32	29	3.769	0.144	3.926	0.1743
C	1	32	28	5.094	0.257	5.339	0.2669
C	1	32	30	3.203	0.263	3.16	0.2547
C	1	32	27	2.732	0.221	2.72	0.2405
C	1	32	26	2.783	0.215	2.755	0.2354
C	1	32	25	3.785	0.196	3.864	0.2263
C	1	32	24	2.769	0.228	2.614	0.2318
C	1	32	23	2.447	0.266	2.618	0.2709
C	1	32	22	2.881	0.284	3.08	0.2502
C	1	32	21	3.875	0.236	3.842	0.2127
C	1	32	20	3.837	0.252	3.881	0.2736
C	1	32	18	2.796	0.225	2.829	0.2494
C	1	32	17	3.511	0.25	3.37	0.2429
C	1	32	16	3.331	0.2	3.347	0.2256
C	1	32	14	3.486	0.205	3.572	0.2187
C	1	32	13	2.75	0.262	2.792	0.2632
C	1	32	12	4.261	0.221	4.222	0.2331
C	1	32	11	2.177	0.273	2.327	0.2946
C	1	32	10	3.41	0.217	3.533	0.2385
C	1	32	1	3.8	0.185	3.927	0.1959
C	1	32	9	3.012	0.262	2.967	0.2335
C	1	32	2	3.672	0.221	3.65	0.2309
C	1	32	3	3.05	0.23	3.105	0.2336
C	1	32	7	2.088	0.229	2.151	0.2636
C	1	32	6	2.582	0.276	2.45	0.2729
C	1	32	4	3.27	0.194	3.405	0.2067
C	1	32	5	2.3	0.238	2.326	0.2468
C	1	32	8	2.812	0.226	2.787	0.2447
C	1	32	15	3.172	0.234	3.414	0.2574
C	1	31	23	4.351	0.203	4.395	0.2369
C	1	31	22	3.21	0.193	3.341	0.2276
C	1	31	24	3.103	0.262	3.371	0.272
C	1	31	25	3.075	0.254	3.073	0.3027
C	1	31	26	2.43	0.235	2.565	0.2963
C	1	31	27	2.599	0.204	2.799	0.2306
C	1	31	30	2.278	0.232	2.196	0.2617
C	1	31	29	5.051	0.22	4.991	0.2215
C	1	31	28	4.362	0.309	4.648	0.3277
C	1	31	21	4.05	0.239	4.383	0.2561
C	1	31	20	4.26	0.237	4.14	0.2407
C	1	31	19	2.699	0.227	2.635	0.257
C	1	31	18	3.552	0.231	3.5	0.2709
C	1	31	17	2.625	0.162	2.957	0.1837
C	1	31	16	3.919	0.16	4.151	0.1731
C	1	31	15	4.233	0.292	4.266	0.3055
C	1	31	14	3.717	0.228	3.701	0.2358
C	1	31	13	1.996	0.251	1.654	0.2841
C	1	31	12	3.554	0.198	3.63	0.2111
C	1	31	11	3.44	0.245	3.548	0.2528
C	1	31	10	2.262	0.131	2.428	0.1636
C	1	31	8	3.852	0.263	4.169	0.2765
C	1	31	7	3.454	0.227	3.527	0.2351
C	1	31	6	4.272	0.251	4.428	0.2686
C	1	31	5	5.302	0.221	5.65	0.2303
C	1	31	4	3.054	0.28	3.146	0.2948
C	1	31	3	2.698	0.199	2.836	0.2217
C	1	31	1	3.979	0.313	4.051	0.3186
C	1	31	2	3.638	0.2	3.888	0.2203
C	1	30	26	3.492	0.225	3.818	0.2337
C	1	30	27	2.917	0.22	2.962	0.2485
C	1	30	29	3.404	0.197	3.41	0.2258
C	1	30	28	3.003	0.135	3.298	0.1905
C	1	30	30	2.941	0.212	3.212	0.2333
C	1	30	25	2.262	0.149	2.028	0.1735
C	1	30	24	4.088	0.226	4.385	0.2617
C	1	30	23	3.387	0.261	3.092	0.2516
C	1	30	22	2.233	0.182	3.075	0.2341
C	1	30	21	4.355	0.269	4.636	0.2615
C	1	30	20	3.587	0.195	3.62	0.2019
C	1	30	19	3.284	0.226	3.519	0.2419
C	1	30	16	2.603	0.144	2.504	0.1855
C	1	30	17	2.168	0.239	2.025	0.2676
C	1	30	15	2.195	0.151	2.196	0.1846
C	1	30	18	3.021	0.208	3.286	0.2124
C	1	30	14	3.7	0.278	3.932	0.292
C	1	30	13	2.544	0.172	2.511	0.1946
C	1	30	12	4.107	0.213	4.22	0.2105
C	1	30	11	2.526	0.22	2.406	0.2381
C	1	30	10	2.094	0.153	2.228	0.1869
C	1	30	9	3.586	0.287	3.498	0.2894
C	1	30	8	2.901	0.225	2.747	0.2521
C	1	30	7	3.4	0.23	3.254	0.2643
C	1	30	6	2.352	0.235	2.399	0.2517
C	1	30	1	2.923	0.227	3.21	0.2373
C	1	30	2	4.344	0.195	4.531	0.2018
C	1	30	4	3.998	0.246	3.993	0.2523
C	1	30	5	4.33	0.259	4.327	0.2685
C	1	30	3	2.772	0.28	3.462	0.3194
C	1	29	8	3.595	0.28	3.629	0.2878
C	1	29	1	3.296	0.224	3.364	0.2377
C	1	29	3	3.346	0.287	3.865	0.3379
C	1	29	4	2.949	0.213	2.608	0.2396
C	1	29	7	2.859	0.212	2.796	0.2369
C	1	29	9	3.919	0.297	3.742	0.3311
C	1	29	5	2.369	0.253	2.385	0.2584
C	1	29	25	2.906	0.202	3.418	0.2352
C	1	29	27	3.474	0.215	3.591	0.2358
C	1	29	23	4.265	0.23	4.2	0.2548
C	1	29	10	3.652	0.245	3.77	0.2644
C	1	29	11	1.805	0.187	1.996	0.2487
C	1	29	29	4.683	0.234	4.948	0.245
C	1	29	28	3.804	0.286	3.959	0.3029
C	1	29	17	6.644	0.298	6.869	0.2922
C	1	29	26	2.483	0.27	2.603	0.2587
C	1	29	20	3.453	0.228	3.446	0.2449
C	1	29	18	3.118	0.158	3.177	0.1903
C	1	29	16	2.831	0.196	2.819	0.2243
C	1	29	21	3.591	0.187	3.594	0.1993
C	1	29	12	2.096	0.166	2.001	0.1761
C	1	29	15	2.234	0.193	2.218	0.2283
C	1	29	6	3.503	0.262	3.703	0.296
C	1	29	2	3.938	0.178	4.059	0.1906
C	1	29	14	3.101	0.148	3.176	0.1504
C	1	29	19	4.653	0.17	4.772	0.1876
C	1	29	22	2.612	0.22	2.914	0.2351
C	1	29	30	1.81	0.262	1.992	0.2813
C	1	29	24	3.367	0.232	3.346	0.2451
C	1	28	30	3.716	0.219	3.82	0.231
C	1	28	28	3.887	0.252	4.089	0.2716
C	1	28	29	1.747	0.211	1.91	0.2341
C	1	28	25	2.025	0.207	1.559	0.2781
C	1	28	24	5.699	0.168	6.108	0.1897
C	1	28	27	2.153	0.156	2.165	0.2106
C	1	28	23	2.211	0.178	2.423	0.2155
C	1	28	22	3.364	0.225	3.376	0.2452
C	1	28	21	3.855	0.22	4.031	0.2147
C	1	28	19	2.649	0.293	2.466	0.2917
C	1	28	20	2.751	0.198	2.976	0.2265
C	1	28	16	2.796	0.184	1.454	0.263
C	1	28	18	2.781	0.26	3.051	0.2851
C	1	28	17	3.349	0.18	3.381	0.2006
C	1	28	15	4.103	0.21	4.277	0.2324
C	1	28	14	2.908	0.24	2.384	0.2673
C	1	28	13	2.428	0.236	2.579	0.2633
C	1	28	12	2.509	0.156	2.586	0.1936
C	1	28	10	1.465	0.151	1.605	0.1974
C	1	28	8	3.055	0.174	2.877	0.1981
C	1	28	7	4.082	0.218	4.165	0.2541
C	1	28	6	2.73	0.208	2.874	0.2302
C	1	28	5	4.143	0.244	4.124	0.3166
C	1	28	4	4.998	0.297	4.855	0.305
C	1	28	3	2.324	0.184	2.348	0.2262
C	1	28	2	1.652	0.162	1.762	0.2039
C	1	28	1	1.465	0.131	1.555	0.2055
C	1	27	30	2.965	0.245	2.954	0.2906
C	1	27	27	1.669	0.208	1.903	0.2748
C	1	27	26	2.752	0.207	3.067	0.2489
C	1	27	24	2.723	0.193	2.792	0.2335
C	1	27	23	3.954	0.116	3.967	0.172
C	1	27	22	0.92	0.168	1.162	0.2397
C	1	27	21	3.186	0.195	3.042	0.2275
C	1	27	20	5.904	0.203	6.005	0.2059
C	1	27	16	2.4	0.243	2.613	0.2728
C	1	27	13	1.74	0.168	1.767	0.2175
C	1	27	29	2.531	0.205	2.418	0.2481
C	1	27	18	3.832	0.225	3.902	0.2698
C	1	27	19	2.433	0.196	2.541	0.2396
C	1	27	15	1.905	0.199	1.875	0.2373
C	1	27	12	3.082	0.125	3.06	0.1621
C	1	27	9	2.858	0.248	2.79	0.2812
C	1	27	11	2.944	0.142	2.774	0.1761
C	1	27	10	5.627	0.195	5.665	0.2212
C	1	27	8	3.455	0.167	3.675	0.1918
C	1	27	7	2.023	0.154	2.152	0.1793
C	1	27	6	2.825	0.185	2.972	0.2144
C	1	27	5	2.374	0.198	2.453	0.242
C	1	27	4	2.351	0.227	2.569	0.2556
C	1	27	3	2.636	0.178	2.753	0.2017
C	1	27	1	1.686	0.14	1.771	0.177
C	1	26	30	3.825	0.246	3.926	0.2739
C	1	26	29	2.911	0.235	2.812	0.2804
C	1	26	28	4.37	0.227	4.693	0.2499
C	1	26	25	3.161	0.179	3.171	0.2127
C	1	26	26	4.143	0.228	4.142	0.245
C	1	26	24	3.133	0.242	2.713	0.2786
C	1	26	21	3.118	0.178	3.116	0.2026
C	1	26	23	3.073	0.187	3.156	0.2154
C	1	26	22	3.119	0.181	3.04	0.2221
C	1	26	20	3.07	0.248	3.381	0.2701
C	1	26	19	3.664	0.219	3.72	0.236
C	1	26	18	2.903	0.206	3.086	0.2287
C	1	26	17	2.363	0.168	2.563	0.2041
C	1	26	16	3.162	0.224	3.322	0.2416
C	1	26	15	3.136	0.186	3.106	0.2161
C	1	26	14	2.116	0.235	2.14	0.2682
C	1	26	13	3.074	0.166	3.112	0.1987
C	1	26	12	2.618	0.235	2.525	0.294
C	1	26	11	3.775	0.204	3.688	0.2239
C	1	26	10	2.826	0.238	2.826	0.2806
C	1	26	9	3.613	0.235	4.057	0.2799
C	1	26	8	4.251	0.268	4.473	0.2678
C	1	26	6	2.966	0.176	3.008	0.2105
C	1	26	5	4.046	0.21	4.275	0.2318
C	1	26	3	3.024	0.178	3.351	0.2049
C	1	26	7	3.771	0.261	3.918	0.2976
C	1	25	21	3.24	0.167	3.898	0.2275
C	1	25	29	3.867	0.254	4.33	0.2732
C	1	25	20	3.078	0.23	3.1	0.2635
C	1	25	18	3.58	0.194	3.627	0.213
C	1	25	30	4.015	0.196	4.122	0.2303
C	1	25	24	3.05	0.218	3.179	0.2324
C	1	25	19	2.169	0.165	2.379	0.2323
C	1	25	27	3.86	0.194	3.983	0.226
C	1	25	25	4.501	0.224	4.704	0.2633
C	1	25	26	1.422	0.244	1.428	0.2921
C	1	26	27	4.583	0.25	4.642	0.2594
C	1	26	4	5.169	0.247	5.37	0.2591
C	1	25	17	3.928	0.209	3.982	0.2413
C	1	25	11	3.532	0.179	3.671	0.2114
C	1	25	22	2.262	0.181	2.301	0.2231
C	1	25	15	3.507	0.18	3.604	0.2417
C	1	25	16	2.378	0.197	2.205	0.2536
C	1	25	13	3.316	0.227	3.39	0.2422
C	1	25	12	4.138	0.194	4.048	0.1961
C	1	25	10	3.318	0.158	3.38	0.1818
C	1	25	9	2.85	0.204	3.126	0.2312
C	1	25	7	3.451	0.224	3.806	0.2525
C	1	25	8	4.067	0.172	4.228	0.1931
C	1	25	6	3.561	0.256	3.913	0.2766
C	1	25	5	3.25	0.236	3.524	0.268
C	1	25	4	2.73	0.152	2.976	0.1816
C	1	25	3	2.366	0.237	2.308	0.2923
C	1	25	28	5.015	0.251	5.344	0.2433
C	1	25	2	2.558	0.239	2.766	0.3007
C	1	25	23	2.138	0.201	2.298	0.2452
C	1	25	1	3.292	0.194	3.421	0.2174
C	1	25	14	3.452	0.151	3.547	0.1778
C	1	23	30	3.698	0.22	3.818	0.2342
C	1	23	29	3.833	0.199	4.072	0.2222
C	1	23	28	5.009	0.2	4.889	0.2068
C	1	23	27	4.204	0.259	4.264	0.268
C	1	23	26	6.087	0.235	6.242	0.241
C	1	23	25	7.506	0.261	7.411	0.2549
C	1	23	24	3.562	0.187	3.492	0.193
C	1	23	23	4.256	0.213	4.336	0.2377
C	1	23	22	2.534	0.249	2.803	0.272
C	1	23	21	3.281	0.173	3.523	0.1925
C	1	23	19	2.363	0.262	2.227	0.2516
C	1	23	20	4.728	0.269	4.93	0.274
C	1	23	18	3.327	0.224	3.528	0.24
C	1	23	17	3.665	0.176	3.807	0.1941
C	1	23	16	4.187	0.228	4.37	0.2324
C	1	23	15	3.546	0.273	3.913	0.2771
C	1	23	14	2.719	0.286	2.691	0.2749
C	1	23	13	2.851	0.138	3.028	0.1913
C	1	23	12	3.453	0.236	3.401	0.234
C	1	23	11	3.064	0.208	3.2	0.2338
C	1	23	10	2.944	0.175	3.121	0.1889
C	1	23	9	4.545	0.217	4.691	0.2246
C	1	23	8	2.798	0.203	2.909	0.2405
C	1	23	7	4.057	0.218	4.011	0.2337
C	1	23	6	4.698	0.222	4.636	0.2315
C	1	23	5	5.315	0.209	5.187	0.2329
C	1	23	4	3.053	0.259	3.338	0.2914
C	1	23	3	1.887	0.217	1.595	0.248
C	1	23	2	3.097	0.175	3.143	0.2025
C	1	23	1	3.53	0.247	3.736	0.2607
C	1	22	26	4.039	0.309	4.248	0.3097
C	1	22	27	3.752	0.23	3.86	0.246
C	1	22	30	2.605	0.157	2.774	0.192
C	1	22	25	3.412	0.245	3.397	0.2512
C	1	22	24	4.254	0.245	4.41	0.2463
C	1	22	23	3.061	0.242	3.305	0.2536
C	1	22	22	2.314	0.252	2.454	0.2542
C	1	22	21	2.462	0.183	2.454	0.2114
C	1	22	20	3.673	0.225	3.802	0.2318
C	1	22	19	2.924	0.232	3.223	0.2619
C	1	22	17	2.969	0.245	2.734	0.2622
C	1	22	18	4.575	0.182	4.515	0.2004
C	1	22	16	3.621	0.225	3.683	0.2477
C	1	22	15	2.489	0.192	2.455	0.2154
C	1	22	14	2.711	0.181	2.777	0.2051
C	1	22	13	2.442	0.242	2.696	0.2831
C	1	22	12	3.397	0.227	3.653	0.226
C	1	22	11	3.616	0.226	3.831	0.2276
C	1	22	10	3.939	0.264	4.221	0.2762
C	1	22	9	3.912	0.231	4.057	0.2366
C	1	22	4	4.143	0.206	4.005	0.2179
C	1	22	8	4.318	0.234	4.34	0.249
C	1	22	7	2.822	0.234	2.709	0.2702
C	1	22	5	4.108	0.209	4.18	0.2442
C	1	22	28	3.15	0.176	3.314	0.2159
C	1	22	1	2.139	0.282	2.597	0.3188
C	1	22	2	2.567	0.234	2.716	0.2559
C	1	22	3	2.082	0.32	2.18	0.3323
C	1	22	29	3.036	0.277	3.018	0.2812
C	1	20	30	3.269	0.2	3.613	0.2131
C	1	20	29	3.613	0.244	3.262	0.2741
C	1	20	28	3.509	0.261	4.033	0.278
C	1	20	27	3.034	0.238	2.897	0.2856
C	1	20	26	2.665	0.192	2.848	0.2206
C	1	20	25	2.668	0.169	2.725	0.194
C	1	20	23	4.229	0.276	4.746	0.3172
C	1	20	24	2.444	0.259	2.485	0.284
C	1	20	22	2.824	0.181	3.063	0.2206
C	1	20	21	3.773	0.215	3.822	0.2452
C	1	20	19	4.043	0.232	4.259	0.2624
C	1	20	20	2.458	0.215	2.568	0.2345
C	1	20	18	2.107	0.166	2.014	0.2052
C	1	20	16	2.067	0.16	2.164	0.2029
C	1	20	17	2.263	0.23	2.21	0.2521
C	1	20	13	2.454	0.179	2.585	0.2139
C	1	20	12	3.292	0.246	3.483	0.2743
C	1	20	10	4.332	0.215	4.728	0.2229
C	1	20	9	3.097	0.149	3.365	0.1923
C	1	20	8	2.869	0.184	2.874	0.2246
C	1	20	7	2.778	0.256	3.534	0.2697
C	1	20	6	4.211	0.252	4.329	0.2739
C	1	20	14	3.487	0.126	3.731	0.1548
C	1	20	5	3.406	0.244	3.525	0.26
C	1	20	4	2.336	0.237	2.394	0.2846
C	1	20	3	2.888	0.196	3.164	0.2273
C	1	20	2	2.983	0.194	3.08	0.2354
C	1	20	1	3.102	0.292	3.296	0.3111
C	1	20	11	2.236	0.215	2.163	0.245
C	1	21	30	2.375	0.193	2.402	0.2266
C	1	21	29	2.712	0.214	2.956	0.2548
C	1	21	28	3.815	0.194	3.913	0.2357
C	1	21	27	3.439	0.191	4.421	0.2616
C	1	21	26	3.049	0.213	3.274	0.2608
C	1	21	25	3.754	0.228	3.713	0.2549
C	1	21	24	2.274	0.231	2.405	0.2368
C	1	21	23	3.324	0.14	3.435	0.1734
C	1	21	22	3.37	0.242	3.584	0.2657
C	1	21	21	3.936	0.246	4.173	0.2589
C	1	21	20	2.956	0.203	3.292	0.2282
C	1	21	19	3.295	0.221	3.5	0.2569
C	1	21	18	3.391	0.246	3.672	0.2445
C	1	21	17	3.587	0.192	3.662	0.2221
C	1	21	15	4.816	0.277	5.201	0.2946
C	1	21	16	2.295	0.289	2.255	0.3149
C	1	21	13	2.152	0.159	2.262	0.1834
C	1	21	12	4.888	0.222	5.154	0.2355
C	1	21	11	4.305	0.225	4.619	0.2396
C	1	21	10	2.781	0.185	2.926	0.1861
C	1	21	9	2.499	0.208	2.513	0.2347
C	1	21	8	2.987	0.207	3.215	0.2358
C	1	21	7	3.303	0.234	3.483	0.2683
C	1	21	6	3.657	0.171	3.629	0.2147
C	1	21	1	1.985	0.279	2.331	0.3105
C	1	21	3	2.933	0.232	3.113	0.214
C	1	21	5	3.303	0.234	3.227	0.2488
C	1	19	30	2.666	0.193	2.99	0.226
C	1	19	28	4.09	0.235	4.227	0.2545
C	1	19	27	3.673	0.213	3.979	0.234
C	1	19	22	3.636	0.175	3.827	0.2084
C	1	19	26	2.545	0.167	2.722	0.2044
C	1	19	2	1.883	0.209	1.989	0.2015
C	1	19	25	4.153	0.238	4.242	0.2521
C	1	19	24	3.673	0.216	4.047	0.2481
C	1	19	23	3.981	0.243	4.447	0.2555
C	1	19	1	2.305	0.119	2.321	0.1921
C	1	19	4	1.147	0.157	1.272	0.2041
C	1	19	21	4.143	0.27	4.193	0.2679
C	1	19	20	3.553	0.235	3.835	0.2497
C	1	19	19	2.703	0.199	2.997	0.1991
C	1	19	17	2.108	0.199	2.246	0.2199
C	1	19	16	3.049	0.197	3.058	0.2243
C	1	19	15	2.788	0.178	2.994	0.2124
C	1	19	12	3.709	0.191	3.82	0.2398
C	1	19	14	2.489	0.177	2.678	0.22
C	1	19	18	3.452	0.233	3.726	0.2433
C	1	19	13	3.074	0.169	3.248	0.1908
C	1	19	10	1.574	0.176	1.605	0.2125
C	1	19	9	2.257	0.124	2.542	0.1748
C	1	19	7	4.237	0.223	4.509	0.2526
C	1	19	8	2.455	0.234	2.528	0.2618
C	1	19	6	3.175	0.234	3.256	0.2734
C	1	19	5	1.861	0.188	2.1	0.2199
C	1	19	11	2.676	0.17	2.729	0.2109
C	1	18	21	2.881	0.226	3.269	0.2505
C	1	18	20	3.36	0.278	3.728	0.2664
C	1	18	19	3.119	0.218	3.28	0.2465
C	1	18	16	3.076	0.2	3.254	0.2316
C	1	18	15	2.538	0.216	2.63	0.2552
C	1	18	14	3.82	0.271	3.786	0.2478
C	1	18	13	3.055	0.199	3.297	0.2241
C	1	18	11	3.6	0.23	3.538	0.257
C	1	18	12	2.474	0.207	2.458	0.2448
C	1	18	10	2.733	0.2	3.134	0.2314
C	1	18	9	4.166	0.286	4.425	0.3008
C	1	18	8	4.41	0.218	4.568	0.2334
C	1	18	18	4.14	0.188	4.322	0.2437
C	1	18	7	4.074	0.219	4.355	0.2305
C	1	18	6	2.817	0.259	3.127	0.2844
C	1	18	5	5.075	0.274	5.239	0.2937
C	1	18	2	2.95	0.213	3.012	0.239
C	1	18	1	3.256	0.221	3.414	0.2407
C	1	18	3	0.958	0.156	2.275	0.2286
C	1	18	4	4.31	0.244	4.515	0.2648
C	1	18	17	4.742	0.269	4.973	0.26
C	1	18	26	3.763	0.199	3.963	0.2112
C	1	18	27	3.873	0.25	3.518	0.2568
C	1	18	28	3.448	0.193	4.428	0.293
C	1	18	29	2.842	0.193	2.665	0.22
C	1	18	30	4.313	0.226	4.576	0.236
C	1	18	31	4.13	0.22	3.915	0.2238
C	1	18	22	6.485	0.287	6.156	0.2947
C	1	18	23	3.595	0.256	3.871	0.2838
C	1	18	24	4.516	0.241	4.608	0.2655
C	1	18	25	2.901	0.235	3.21	0.2591
C	1	17	30	2.414	0.206	2.39	0.2092
C	1	17	29	3.516	0.206	3.734	0.2361
C	1	17	27	4.727	0.3	4.945	0.3064
C	1	17	26	2.846	0.174	2.983	0.1839
C	1	17	25	4.345	0.242	4.654	0.2731
C	1	17	24	5.125	0.199	4.208	0.2309
C	1	17	23	1.221	0.283	2.244	0.2226
C	1	17	22	3.911	0.233	4.264	0.2225
C	1	17	21	4.016	0.223	4.094	0.2442
C	1	17	18	3.065	0.188	3.427	0.2138
C	1	17	19	7.28	0.206	7.371	0.2261
C	1	17	20	4.994	0.223	5.418	0.2499
C	1	17	17	4.332	0.233	4.6	0.237
C	1	17	16	4.017	0.227	4.555	0.249
C	1	17	14	4.032	0.235	4.273	0.2306
C	1	17	13	3.652	0.228	3.76	0.257
C	1	17	15	3.379	0.225	3.295	0.2462
C	1	17	9	3.293	0.236	3.472	0.2496
C	1	17	7	3.594	0.22	4.035	0.2394
C	1	17	8	3.224	0.241	3.722	0.2673
C	1	17	10	5.327	0.228	4.854	0.2557
C	1	17	11	5.149	0.218	5.068	0.2397
C	1	17	6	2.952	0.179	3.296	0.2097
C	1	17	5	3.033	0.262	3.207	0.2999
C	1	17	4	2.827	0.159	2.807	0.185
C	1	17	3	3.111	0.185	3.299	0.2299
C	1	17	31	4.562	0.214	4.612	0.2358
C	1	17	1	2.476	0.32	3.039	0.2417
C	1	17	2	1.76	0.142	1.858	0.2112
C	1	16	29	3.092	0.228	3.075	0.2552
C	1	16	27	3.367	0.173	3.47	0.2031
C	1	16	26	5.332	0.288	5.669	0.2962
C	1	16	25	3.424	0.284	3.582	0.2938
C	1	16	24	2.935	0.263	3.198	0.2716
C	1	16	23	2.597	0.204	2.474	0.229
C	1	16	22	3.487	0.266	3.561	0.2773
C	1	16	21	3.26	0.173	3.574	0.1905
C	1	16	20	4.179	0.248	4.257	0.2571
C	1	16	19	5.345	0.245	5.668	0.2646
C	1	16	18	4.405	0.241	4.741	0.2598
C	1	16	17	3.48	0.172	3.669	0.2015
C	1	16	16	3.632	0.217	3.623	0.2441
C	1	16	13	1.33	0.193	1.469	0.2481
C	1	16	15	4.165	0.206	4.452	0.2264
C	1	16	14	3.192	0.259	3.389	0.2855
C	1	16	30	2.662	0.19	2.626	0.2054
C	1	16	12	4.898	0.256	5.317	0.2471
C	1	16	28	2.971	0.168	3.222	0.1996
C	1	16	11	2.149	0.29	2.435	0.2885
C	1	16	2	1.068	0.194	1.146	0.2367
C	1	16	10	3.618	0.222	3.823	0.2404
C	1	16	8	3.571	0.227	3.55	0.2531
C	1	16	7	3.851	0.209	4.129	0.2471
C	1	16	5	3.878	0.171	3.88	0.1805
C	1	16	3	3.773	0.22	3.762	0.2531
C	1	16	9	2.664	0.233	3.083	0.2898
C	1	16	6	2.616	0.21	2.474	0.2302
C	1	16	4	2.621	0.205	2.818	0.2123
C	1	24	11	3.85	0.239	4.034	0.256
C	1	24	12	2.943	0.248	3.329	0.2702
C	1	24	13	3.3	0.216	3.507	0.2356
C	1	24	14	3.674	0.246	3.697	0.2655
C	1	24	20	4.776	0.253	5.243	0.2583
C	1	24	22	3.307	0.245	3.626	0.2548
C	1	24	30	2.925	0.236	3.098	0.2647
C	1	24	23	3.661	0.217	4.082	0.2267
C	1	24	29	5.316	0.209	5.396	0.228
C	1	24	28	4.152	0.273	4.203	0.2826
C	1	24	21	3.701	0.184	3.872	0.2121
C	1	24	26	4.289	0.238	4.418	0.2529
C	1	24	27	6.247	0.273	6.584	0.2839
C	1	24	25	2.908	0.236	2.761	0.2792
C	1	24	24	3.737	0.216	4.022	0.2354
C	1	24	9	2.748	0.195	3.045	0.2403
C	1	24	19	2.377	0.2	2.425	0.2328
C	1	24	18	3.017	0.203	3.001	0.228
C	1	24	16	2.646	0.267	2.753	0.2792
C	1	24	17	3.143	0.22	3.436	0.242
C	1	24	10	2.004	0.155	2.229	0.1847
C	1	24	15	3.163	0.197	3.332	0.2134
C	1	24	7	3.418	0.163	3.451	0.1882
C	1	24	1	3.527	0.182	4.034	0.2334
C	1	24	6	4.232	0.229	4.208	0.2346
C	1	24	5	4.816	0.229	4.957	0.2408
C	1	24	2	2.239	0.216	2.372	0.2327
C	1	24	4	3.082	0.278	3.46	0.2895
C	1	24	3	4.04	0.173	4.138	0.1945
C	1	15	30	4.287	0.249	4.47	0.2504
C	1	15	31	3.53	0.258	4.09	0.2697
C	1	15	22	4.679	0.266	4.981	0.2803
C	1	15	23	1.842	0.251	1.378	0.2954
C	1	15	2	4.699	0.205	5.06	0.2181
C	1	15	3	3.235	0.227	3.535	0.2512
C	1	15	4	2.57	0.277	2.612	0.3181
C	1	15	5	3.363	0.276	3.514	0.2701
C	1	15	6	4.942	0.241	5.124	0.2338
C	1	15	7	3.231	0.171	3.228	0.2109
C	1	15	8	3.889	0.251	3.663	0.2618
C	1	15	9	4.704	0.255	4.708	0.2769
C	1	15	10	3.443	0.232	3.518	0.233
C	1	15	13	2.321	0.204	2.587	0.2149
C	1	15	12	3.461	0.19	3.331	0.2266
C	1	15	14	2.697	0.198	2.71	0.2198
C	1	15	15	3.759	0.319	4.183	0.3148
C	1	15	16	2.885	0.217	3.217	0.2492
C	1	15	17	3.034	0.204	3.133	0.2177
C	1	15	18	6.412	0.215	6.396	0.2174
C	1	15	19	4.631	0.237	4.65	0.2546
C	1	15	28	3.912	0.238	4.196	0.2502
C	1	15	20	4.211	0.26	4.197	0.2683
C	1	15	24	3.433	0.163	3.521	0.1888
C	1	15	25	4.168	0.229	4.314	0.2445
C	1	15	26	4.535	0.279	4.471	0.2651
C	1	15	27	3.745	0.249	3.839	0.2635
C	1	15	29	3.055	0.268	3.289	0.2624
C	1	14	29	4.065	0.246	4.045	0.268
C	1	14	30	3.916	0.221	4.044	0.2356
C	1	14	28	4.574	0.261	5.098	0.2489
C	1	14	12	3.576	0.234	4.035	0.237
C	1	14	10	4.422	0.252	4.752	0.2517
C	1	14	11	2.414	0.263	2.495	0.3535
C	1	14	7	3.313	0.204	3.517	0.2285
C	1	14	16	2.792	0.231	3.061	0.2334
C	1	14	13	3.573	0.205	3.879	0.2267
C	1	14	20	2.766	0.281	2.771	0.2854
C	1	14	25	3.302	0.285	3.592	0.3084
C	1	14	26	3.631	0.323	3.658	0.3259
C	1	14	24	3.161	0.244	3.675	0.2585
C	1	14	23	2.768	0.241	3.049	0.2541
C	1	14	21	3.174	0.239	3.232	0.2677
C	1	14	22	2.964	0.226	3.226	0.255
C	1	14	19	2.899	0.234	3.019	0.2377
C	1	14	14	3.335	0.183	3.515	0.2058
C	1	14	18	4.497	0.268	5.001	0.2934
C	1	14	9	1.659	0.19	1.825	0.2224
C	1	14	27	4.657	0.244	5.266	0.2453
C	1	14	17	3.439	0.225	3.513	0.2527
C	1	14	6	3.558	0.277	3.877	0.2974
C	1	14	4	3.244	0.191	3.219	0.2065
C	1	14	8	2.485	0.22	2.554	0.2523
C	1	14	1	1.988	0.138	2.142	0.1982
C	1	14	3	0.98	0.161	1.31	0.2294
C	1	14	15	6.952	0.246	7.124	0.2472
C	1	14	5	2.12	0.219	2.167	0.2691
C	1	14	2	2.368	0.169	2.573	0.2015
C	1	14	31	3.219	0.19	3.282	0.2052
C	1	13	18	3.293	0.26	3.523	0.2571
C	1	13	27	4.006	0.314	4.046	0.2891
C	1	13	28	4.52	0.245	4.662	0.2467
C	1	13	31	2.736	0.264	2.706	0.2666
C	1	13	14	3.199	0.188	3.151	0.2029
C	1	13	26	7.376	0.2	7.548	0.2061
C	1	13	22	3.214	0.216	3.395	0.2259
C	1	13	30	3.28	0.244	3.321	0.2613
C	1	13	23	2.481	0.182	2.712	0.2184
C	1	13	29	3.232	0.24	3.446	0.2448
C	1	13	24	3.878	0.201	4.139	0.1921
C	1	13	13	3.166	0.255	3.301	0.2742
C	1	13	21	3.947	0.251	3.837	0.2453
C	1	13	16	2.464	0.276	2.318	0.2967
C	1	13	19	3.573	0.181	3.67	0.2001
C	1	13	25	3.005	0.205	3.329	0.2426
C	1	13	15	3.512	0.247	3.609	0.2608
C	1	13	7	1.628	0.197	1.61	0.242
C	1	13	12	3.69	0.182	3.633	0.2003
C	1	13	11	3.181	0.225	3.207	0.2369
C	1	13	6	3.284	0.209	3.39	0.2266
C	1	13	5	3.06	0.25	3.216	0.2883
C	1	13	10	2.364	0.222	2.375	0.2642
C	1	13	4	3.042	0.256	3.297	0.2793
C	1	13	2	1.952	0.23	2.078	0.2417
C	1	13	3	1.806	0.154	2.021	0.1882
C	1	13	1	1.561	0.155	1.484	0.1828
C	1	12	31	5.815	0.27	5.895	0.2593
C	1	12	2	1.4	0.159	1.378	0.1908
C	1	12	1	2.592	0.176	2.956	0.2089
C	1	12	4	1.854	0.203	1.955	0.2289
C	1	12	13	3.914	0.277	4.265	0.2591
C	1	12	30	6.234	0.225	6.57	0.2327
C	1	12	3	2.828	0.221	3.073	0.2757
C	1	12	5	2.283	0.193	2.256	0.232
C	1	12	19	3.538	0.218	3.726	0.2263
C	1	12	20	3.25	0.218	3.281	0.2321
C	1	12	28	1.368	0.255	1.496	0.2416
C	1	12	12	3.061	0.243	3.124	0.2509
C	1	12	8	4.847	0.222	5.495	0.2709
C	1	12	14	4.026	0.206	4.194	0.2069
C	1	12	21	3.931	0.207	3.818	0.2171
C	1	12	22	3.639	0.182	3.659	0.1835
C	1	12	27	3.755	0.234	3.789	0.2344
C	1	12	25	3.776	0.276	4.162	0.2739
C	1	12	11	2.626	0.187	2.587	0.2165
C	1	12	29	3.365	0.294	3.627	0.2795
C	1	12	24	4.079	0.295	4.032	0.3304
C	1	12	26	3.654	0.289	3.846	0.299
C	1	12	9	2.729	0.197	2.778	0.2337
C	1	12	15	3.36	0.194	3.563	0.2066
C	1	12	17	3.522	0.245	3.735	0.2543
C	1	12	16	3.295	0.269	2.906	0.2749
C	1	12	10	3.819	0.291	4.098	0.2888
C	1	12	23	2.153	0.2	2.277	0.2167
C	1	12	18	4.41	0.21	4.835	0.2201
C	1	11	3	3.108	0.22	3.305	0.2356
C	1	11	2	4.164	0.235	4.209	0.2336
C	1	11	4	1.953	0.207	2.185	0.2249
C	1	11	6	2.994	0.168	3.042	0.1901
C	1	11	1	2.68	0.29	2.998	0.2563
C	1	11	5	4.191	0.221	4.326	0.229
C	1	11	11	3.492	0.222	3.571	0.2352
C	1	11	12	3.935	0.255	4.683	0.2609
C	1	11	14	3.774	0.248	3.947	0.2413
C	1	11	15	4.339	0.245	4.361	0.2431
C	1	11	16	4.825	0.27	5.052	0.2812
C	1	11	22	4.295	0.224	4.307	0.2161
C	1	11	23	3.89	0.239	4.052	0.2414
C	1	11	24	2.084	0.211	2.171	0.2612
C	1	11	26	4.24	0.197	4.251	0.2007
C	1	11	27	3.552	0.199	3.873	0.2182
C	1	11	21	4.908	0.211	5.117	0.2327
C	1	11	20	3.867	0.185	4.124	0.1994
C	1	11	25	3.615	0.225	4.127	0.2299
C	1	11	31	3.3	0.182	3.58	0.2046
C	1	11	19	5.723	0.212	6.108	0.2341
C	1	11	28	3.425	0.252	3.685	0.2425
C	1	11	18	3.073	0.215	3.413	0.2246
C	1	11	29	4.917	0.27	4.76	0.2607
C	1	11	17	3.665	0.213	3.8	0.2243
C	1	11	10	3.37	0.228	3.468	0.2513
C	1	11	9	3.805	0.261	4.066	0.2459
C	1	11	8	3.383	0.191	3.569	0.2175
C	1	10	31	2.979	0.199	3.193	0.2267
C	1	10	30	3.705	0.23	3.892	0.2379
C	1	10	29	4.907	0.252	5.294	0.2617
C	1	10	28	4.054	0.19	4.15	0.2113
C	1	10	25	2.962	0.244	3.439	0.2364
C	1	10	27	4.042	0.249	4.417	0.238
C	1	10	24	3.272	0.248	3.533	0.2596
C	1	10	26	4.223	0.248	4.488	0.2659
C	1	10	23	4.541	0.23	5.089	0.2235
C	1	10	22	1.593	0.231	1.827	0.256
C	1	10	21	4.044	0.247	4.372	0.2781
C	1	10	20	2.613	0.273	2.668	0.2774
C	1	10	19	4.989	0.282	5.655	0.2681
C	1	10	18	3.252	0.207	3.726	0.2202
C	1	10	17	3.267	0.226	3.341	0.2304
C	1	10	16	2.9	0.244	3.291	0.261
C	1	10	14	3.783	0.184	3.844	0.2208
C	1	10	13	2.267	0.206	2.329	0.2327
C	1	10	10	2.553	0.189	2.943	0.2058
C	1	10	9	4.916	0.211	4.801	0.2221
C	1	10	15	3.425	0.164	3.333	0.2064
C	1	10	12	4.485	0.243	4.719	0.2518
C	1	10	8	3.467	0.207	3.583	0.2266
C	1	10	7	2.251	0.215	2.322	0.2508
C	1	10	5	3.053	0.221	3.284	0.2442
C	1	10	4	3.455	0.13	3.588	0.1577
C	1	10	3	3.179	0.09	3.434	0.1476
C	1	10	2	2.611	0.164	2.454	0.1925
C	1	10	1	2.567	0.227	2.531	0.2337
C	1	9	1	3.422	0.266	3.423	0.3173
C	1	9	2	2.517	0.204	2.634	0.2429
C	1	9	3	2.727	0.203	2.859	0.2349
C	1	9	4	3.431	0.197	3.472	0.2213
C	1	9	5	3.43	0.196	3.489	0.2292
C	1	9	6	4.497	0.219	4.769	0.2368
C	1	9	7	4.517	0.175	4.838	0.2086
C	1	9	9	2.172	0.175	2.257	0.2069
C	1	9	10	3.231	0.214	3.555	0.2402
C	1	9	8	2.676	0.164	2.927	0.2054
C	1	9	11	2.954	0.109	2.666	0.1545
C	1	9	12	4.234	0.288	4.45	0.2877
C	1	9	13	2.603	0.238	2.724	0.2613
C	1	9	17	3.991	0.109	3.83	0.1542
C	1	9	15	1.934	0.21	2.026	0.2622
C	1	9	14	2.656	0.262	2.955	0.294
C	1	9	16	3.061	0.174	2.941	0.2281
C	1	9	18	4.694	0.241	4.848	0.2847
C	1	9	19	3.864	0.26	4.143	0.2639
C	1	9	21	2.55	0.201	2.501	0.2335
C	1	9	20	2.702	0.224	2.944	0.2895
C	1	9	24	3.676	0.234	3.796	0.2452
C	1	9	23	4.688	0.276	4.94	0.3075
C	1	9	22	3.118	0.235	3.37	0.2627
C	1	9	26	3.355	0.185	3.302	0.2135
C	1	9	25	3.592	0.207	4.049	0.2322
C	1	9	27	3.668	0.18	3.999	0.218
C	1	9	28	3.079	0.19	3.222	0.2213
C	1	9	29	4.141	0.236	4.303	0.2597
C	1	9	30	2.731	0.212	3.035	0.2456
C	1	9	31	3.255	0.249	3.467	0.2623
C	1	8	29	2.197	0.188	2.453	0.2359
C	1	8	31	3.496	0.195	3.822	0.2119
C	1	8	28	2.261	0.174	2.279	0.2295
C	1	8	27	3.01	0.241	3.061	0.2689
C	1	8	26	3.61	0.294	3.958	0.3018
C	1	8	25	3.635	0.22	4.216	0.2547
C	1	8	24	2.6	0.193	2.784	0.2271
C	1	8	30	3.995	0.239	4.276	0.2718
C	1	8	21	3.939	0.216	4.309	0.2375
C	1	8	20	3.126	0.25	3.201	0.2641
C	1	8	19	3.213	0.223	3.439	0.2474
C	1	8	18	2.319	0.258	2.396	0.2896
C	1	8	17	2.175	0.175	2.415	0.2048
C	1	8	16	2.259	0.148	2.453	0.1964
C	1	8	15	2.587	0.2	2.659	0.2232
C	1	8	12	1.82	0.181	1.119	0.232
C	1	8	14	2.577	0.186	2.716	0.2253
C	1	8	13	2.577	0.181	2.767	0.2003
C	1	8	11	3.107	0.191	3.385	0.2232
C	1	8	10	2.561	0.158	2.483	0.1801
C	1	8	9	2.419	0.221	2.634	0.2345
C	1	8	8	2.232	0.2	2.614	0.2262
C	1	8	7	3.722	0.309	3.785	0.3218
C	1	8	6	1.889	0.152	2.027	0.1966
C	1	8	5	3.025	0.163	3.192	0.1876
C	1	8	4	2.811	0.211	2.948	0.2448
C	1	8	3	1.472	0.157	1.693	0.1953
C	1	8	2	2.676	0.197	2.769	0.2313
C	1	8	1	1.601	0.176	1.784	0.2212
C	1	7	26	4.218	0.132	4.308	0.1607
C	1	7	3	3.832	0.276	4.037	0.3267
C	1	7	1	1.273	0.122	1.481	0.1778
C	1	7	31	3.933	0.156	4.114	0.2048
C	1	7	12	3.517	0.179	3.733	0.2226
C	1	7	7	2.929	0.161	3.04	0.1824
C	1	7	17	3.586	0.288	3.915	0.1885
C	1	7	5	4.194	0.183	4.124	0.2192
C	1	7	29	3.146	0.255	3.413	0.2799
C	1	7	30	3.162	0.17	3.44	0.2118
C	1	7	28	3.516	0.172	3.663	0.2003
C	1	7	18	3.087	0.197	3.331	0.228
C	1	7	27	3.172	0.221	3.604	0.2535
C	1	7	25	3.625	0.229	3.93	0.2405
C	1	7	24	2.755	0.245	2.895	0.2524
C	1	7	4	2.253	0.185	2.444	0.2296
C	1	7	6	3.173	0.149	3.313	0.1898
C	1	7	23	4.143	0.179	4.427	0.2395
C	1	7	19	2.38	0.18	2.352	0.209
C	1	7	20	2.727	0.213	2.553	0.2449
C	1	7	13	3.439	0.32	3.643	0.3707
C	1	7	21	3.43	0.209	3.709	0.2542
C	1	7	15	3.192	0.236	3.221	0.2496
C	1	7	2	2.691	0.143	2.992	0.1825
C	1	7	11	2.254	0.222	2.493	0.2547
C	1	7	14	2.331	0.2	1.987	0.2549
C	1	6	24	4.099	0.172	4.353	0.1956
C	1	7	8	3.594	0.143	3.689	0.1817
C	1	7	9	1.993	0.254	2.213	0.2839
C	1	7	10	4.553	0.253	4.922	0.2695
C	1	5	31	3.874	0.196	4.149	0.2397
C	1	6	23	2.275	0.166	2.593	0.2314
C	1	6	15	4.182	0.175	4.253	0.2008
C	1	6	4	4.109	0.156	4.401	0.1979
C	1	6	29	2.645	0.166	3.089	0.2112
C	1	6	22	4.889	0.201	5.432	0.2269
C	1	6	7	2.5	0.216	3.091	0.279
C	1	6	1	2.658	0.121	2.668	0.1798
C	1	6	9	2.731	0.205	2.784	0.2229
C	1	6	10	3.672	0.227	3.823	0.2653
C	1	6	18	3.233	0.192	4.012	0.2187
C	1	6	12	3.096	0.218	3.078	0.2441
C	1	6	11	3.424	0.234	3.56	0.2549
C	1	6	13	4.248	0.231	4.613	0.2539
C	1	6	3	5.259	0.145	5.617	0.1825
C	1	6	26	3.294	0.184	3.724	0.2188
C	1	6	20	3.451	0.182	3.793	0.1975
C	1	6	14	3.342	0.212	3.454	0.2597
C	1	6	27	2.603	0.155	2.743	0.1755
C	1	6	8	4.225	0.291	4.146	0.305
C	1	6	2	4.138	0.168	4.259	0.2175
C	1	6	25	2.454	0.165	2.692	0.2127
C	1	6	17	3.935	0.219	4.09	0.2449
C	1	6	5	2.546	0.203	2.64	0.2275
C	1	6	30	2.535	0.165	2.601	0.2063
C	1	6	16	3.869	0.222	3.854	0.2482
C	1	6	31	3.254	0.244	3.432	0.2843
C	1	6	21	2.896	0.218	2.958	0.235
C	1	5	30	3.313	0.174	3.555	0.2259
C	1	5	17	2.732	0.16	2.923	0.2216
C	1	6	19	4.369	0.15	4.452	0.1738
C	1	5	13	3.088	0.19	3.338	0.2386
C	1	5	11	1.615	0.155	1.589	0.2207
C	1	5	8	2.999	0.145	3.038	0.2008
C	1	5	3	2.407	0.317	2.522	0.3475
C	1	5	1	2.292	0.183	2.372	0.2234
C	1	5	2	4.044	0.176	4.08	0.2129
C	1	5	5	3.289	0.266	3.356	0.2933
C	1	5	4	3.923	0.279	4.015	0.2841
C	1	5	6	4.27	0.188	4.326	0.2268
C	1	5	7	3.813	0.157	3.889	0.1924
C	1	5	9	3.155	0.238	3.217	0.2859
C	1	5	10	2.214	0.131	2.206	0.1848
C	1	5	27	5.232	0.243	5.488	0.2671
C	1	5	12	3.537	0.206	3.491	0.2338
C	1	5	14	2.914	0.263	2.525	0.3059
C	1	5	15	2.672	0.246	2.609	0.2545
C	1	5	16	2.573	0.223	2.543	0.2632
C	1	5	18	2.263	0.267	2.319	0.3038
C	1	5	21	2.619	0.361	2.64	0.406
C	1	5	24	3.154	0.247	3.065	0.2655
C	1	5	26	3.47	0.261	3.463	0.2715
C	1	5	25	2.566	0.223	2.571	0.2706
C	1	5	22	2.782	0.223	2.783	0.2373
C	1	5	23	2.21	0.172	2.383	0.1969
C	1	5	20	3.081	0.187	3.238	0.2127
C	1	5	29	2.252	0.209	2.413	0.2516
C	1	5	28	2.269	0.219	2.712	0.2588
C	1	5	19	2.971	0.234	3.371	0.2729
C	1	4	1	1.985	0.259	2.314	0.2811
C	1	4	2	3.684	0.213	3.838	0.229
C	1	4	3	1.957	0.121	2.329	0.1653
C	1	4	4	3.713	0.28	3.702	0.2513
C	1	4	5	2.584	0.237	2.419	0.2602
C	1	4	6	2.304	0.178	2.449	0.1976
C	1	4	7	3.596	0.229	3.892	0.2471
C	1	4	8	2.574	0.212	2.607	0.2341
C	1	4	10	3.801	0.281	4.129	0.2891
C	1	4	9	3.868	0.196	4.042	0.2141
C	1	4	12	3.762	0.242	3.989	0.2584
C	1	4	11	3.355	0.207	3.289	0.2332
C	1	4	13	2.08	0.221	2.223	0.2477
C	1	4	16	2.807	0.15	2.941	0.2004
C	1	4	14	2.505	0.213	2.699	0.2344
C	1	4	15	2.553	0.158	2.663	0.2102
C	1	4	18	2.784	0.212	3.261	0.2333
C	1	4	19	2.956	0.2	3.123	0.2312
C	1	4	20	2.274	0.234	2.509	0.293
C	1	4	21	3.913	0.222	4.498	0.2389
C	1	4	23	3.669	0.247	3.935	0.2587
C	1	4	24	3.264	0.201	3.701	0.2287
C	1	4	28	2.804	0.151	2.861	0.1878
C	1	4	29	2.511	0.218	2.763	0.2253
C	1	4	22	1.544	0.203	1.654	0.2559
C	1	4	26	3.111	0.246	3.463	0.2834
C	1	4	30	2.974	0.229	3.239	0.2599
C	1	4	31	4.843	0.34	4.74	0.3538
C	1	3	8	3.298	0.221	3.582	0.2455
C	1	3	9	3.004	0.167	3.025	0.1969
C	1	3	11	2.241	0.164	2.38	0.1869
C	1	3	13	2.741	0.265	2.88	0.2809
C	1	3	12	3.078	0.293	3.283	0.3135
C	1	3	3	2.521	0.205	2.719	0.225
C	1	3	1	2.469	0.24	2.738	0.2992
C	1	3	6	2.071	0.24	1.42	0.2804
C	1	3	14	2.157	0.216	2.195	0.2725
C	1	3	5	2.647	0.22	2.864	0.2689
C	1	3	10	3.119	0.227	3.132	0.2424
C	1	3	2	2.019	0.219	1.953	0.2576
C	1	3	4	1.439	0.206	1.585	0.2737
C	1	3	16	2.826	0.216	2.804	0.223
C	1	3	15	2.861	0.175	2.97	0.2016
C	1	3	17	2.148	0.172	2.152	0.193
C	1	3	18	3.009	0.257	3.578	0.2875
C	1	3	19	2.378	0.234	2.5	0.2495
C	1	3	21	2.06	0.192	2.32	0.218
C	1	3	20	1.44	0.186	1.599	0.2191
C	1	3	25	3.946	0.189	3.984	0.2046
C	1	3	23	1.842	0.156	2.094	0.1771
C	1	3	28	2.408	0.196	2.64	0.2156
C	1	3	24	3.622	0.16	3.506	0.178
C	1	3	26	2.465	0.243	2.628	0.2503
C	1	3	27	2.737	0.293	3.02	0.3096
C	1	3	29	0.561	0.131	0.528	0.1817
C	1	3	30	3.218	0.139	2.696	0.2103
C	1	3	31	2.914	0.254	3.22	0.2754
