Genotype	Treatment	Block	Row	Position	Density TPS Adj
GW-2886	Control	1	10	10	0.21018345623971357
BESC-417	Control	1	10	12	0.12241462710109859
GW-8516	Control	1	10	13	0.1194438141260647
BESC-1179	Control	1	10	14	0.15061120397063085
BESC-12	Control	1	10	15	0.169026195273558
BESC-115	Control	1	10	16	0.20391494825449002
BESC-286	Control	1	10	17	0.10109715039369879
BESC-342	Control	1	10	18	0.14563986669774864
BESC-894	Control	1	10	19	0.13552699656659253
BESC-1092	Control	1	10	1	0.20304215877582216
GW-9594	Control	1	10	20	0.17274949454884614
BESC-462	Control	1	10	21	0.17213071887582757
BESC-82	Control	1	10	22	0.16668288996026254
BESC-239	Control	1	10	23	0.15910790817624051
GW-11034	Control	1	10	24	0.14619659112773345
BESC-890	Control	1	10	25	0.10554043399711902
BESC-70	Control	1	10	26	0.1585318157863437
GW-9856	Control	1	10	27	0.13298998844089582
BESC-265	Control	1	10	28	0.15122342809658393
BESC-436	Control	1	10	29	0.10734484849667458
SLMD-28-1	Control	1	10	2	0.17881378281316004
GW-9807	Control	1	10	30	0.16815266740801207
HOPF-27-1	Control	1	10	31	0.15486653227130553
HOPF-27-3	Control	1	10	3	0.3184938516268347
BESC-260	Control	1	10	4	0.21363693836489522
BESC-897	Control	1	10	5	0.14791121334605037
GW-2213	Control	1	10	7	0.20855950627493572
BESC-426	Control	1	10	8	0.17119215079073502
BESC-268	Control	1	10	9	0.14453810826126712
BESC-469	Control	1	11	14	0.1283875916896673
BESC-347	Control	1	11	15	0.1785030696192224
GW-9860	Control	1	11	16	0.1289924784021034
BESC-375	Control	1	11	17	0.15844442311187762
CMBF-28-1	Control	1	11	18	0.15955458497054426
BESC-855	Control	1	11	19	0.11141559225174327
BESC-1006	Control	1	11	1	0.1437440565808426
CNYH-28-5	Control	1	11	20	0.16861427147049646
BESC-880	Control	1	11	21	0.14287187481618427
BESC-452	Control	1	11	22	0.19409558456399736
WHTE-28-4	Control	1	11	23	0.12439356579947779
BESC-821	Control	1	11	24	0.1617422809634691
BESC-411	Control	1	11	25	0.15624702490011716
BESC-408	Control	1	11	26	0.15011114978453785
BESC-289	Control	1	11	27	0.15684440786934042
BESC-863	Control	1	11	28	0.1372648982328377
BESC-287	Control	1	11	29	0.1697820781899782
BESC-1158	Control	1	11	2	0.14540949683378895
KLNE-20-3	Control	1	11	31	0.119819401546496
GW-7996	Control	1	11	3	0.14539923743604857
BESC-1030	Control	1	11	4	0.18233432302423494
GW-2358	Control	1	11	5	0.13009985971704502
BESC-1182	Control	1	11	6	0.18633552744640658
GW-9830	Control	1	12	10	0.12236575588330009
GW-9840	Control	1	12	11	0.21442658109345153
BESC-206	Control	1	12	12	0.15850025400438345
GW-10957	Control	1	12	13	0.18106079101565967
GW-9826	Control	1	12	14	0.16799597282007803
GW-11022	Control	1	12	15	0.1759948628815882
BESC-27	Control	1	12	16	0.14535459422107078
BESC-44	Control	1	12	17	0.15866240618220806
GW-11046	Control	1	12	18	0.16952042282605204
BESC-813	Control	1	12	19	0.163635000553017
BESC-341	Control	1	12	1	0.13445901812504446
GW-11019	Control	1	12	20	0.13060529047962863
BESC-179	Control	1	12	21	0.18352516642768346
BESC-430	Control	1	12	22	0.13631105038870936
NHTA-27-3	Control	1	12	23	0.14205318731452204
GW-9829	Control	1	12	24	0.15384780047769794
BESC-174	Control	1	12	25	0.16160404742786075
CHWK-27-3	Control	1	12	26	0.1235332905005271
GW-6962	Control	1	12	27	0.15263892251596975
BESC-1207	Control	1	12	28	0.19224498128729448
BESC-45	Control	1	12	29	0.16237105568986562
BESC-1024	Control	1	12	2	0.19832885361896707
BESC-288	Control	1	12	30	0.1370065789661834
BESC-870	Control	1	12	31	0.11552771825944087
BESC-412	Control	1	12	3	0.15313254216901936
BESC-21	Control	1	12	4	0.1972649136059016
BESC-363	Control	1	12	5	0.13851435410849852
BESC-1025	Control	1	12	8	0.19272909184404236
GW-9901	Control	1	12	9	0.15159788733438848
GW-6880	Control	1	13	10	0.16313518414050698
BESC-100	Control	1	13	11	0.17183484197660723
GW-9766	Control	1	13	12	0.13434359424237619
BESC-151	Control	1	13	13	0.13314665572444867
WHTE-28-1	Control	1	13	14	0.134535115865153
BESC-850	Control	1	13	15	0.13319419704394553
BESC-1231	Control	1	13	16	0.1573051878511145
BESC-64	Control	1	13	18	0.15586170857432974
BESC-46	Control	1	13	19	0.23051439764573828
BESC-1214	Control	1	13	1	0.20665728485137028
BESC-432	Control	1	13	21	0.16039728776263307
GW-9849	Control	1	13	22	0.14941255557046015
GW-9896	Control	1	13	23	0.14208305970890417
BESC-392	Control	1	13	24	0.13491436965929687
BESC-159	Control	1	13	25	0.14701620386840367
BESC-418	Control	1	13	26	0.14730285735925758
BESC-315	Control	1	13	27	0.16388826535731907
BESC-237	Control	1	13	28	0.13459431531485808
GW-2118	Control	1	13	29	0.15622045962351128
BESC-218	Control	1	13	2	0.17803619650288557
BESC-124	Control	1	13	30	0.15985684770397
HOMD-21-2	Control	1	13	31	0.1387822205707344
GW-8628	Control	1	13	3	0.14413990069590008
YALE-27-4	Control	1	13	4	0.14546041783278116
CA-04-03	Control	1	13	5	0.14837799914896008
BESC-378	Control	1	13	6	0.13875786184822886
BESC-1156	Control	1	13	7	0.11125939436855871
BESC-379	Control	1	14	10	0.11292327348761605
BESC-1032	Control	1	14	11	0.14355155789278198
BESC-844	Control	1	14	12	0.14938015098498425
GW-11043	Control	1	14	13	0.20320550331218307
GW-9824	Control	1	14	14	0.16843349424336987
BESC-273	Control	1	14	15	0.14544313496428085
GW-9870	Control	1	14	16	0.11800720917664434
BESC-805	Control	1	14	17	0.1477106690137071
BESC-245	Control	1	14	18	0.16506127438754478
FNYI-28-1	Control	1	14	19	0.13756357834534258
GW-9888	Control	1	14	1	0.13643195938435573
BESC-848	Control	1	14	20	0.11840538911074316
BESC-1159	Control	1	14	21	0.16957636560632394
BESC-42	Control	1	14	22	0.1383981671353329
GW-7981	Control	1	14	23	0.16767903079737156
BESC-36	Control	1	14	24	0.1488399314018639
BESC-201	Control	1	14	25	0.15649453044092718
BESC-901	Control	1	14	26	0.15215421448137703
GW-11038	Control	1	14	27	0.2104247367746204
BESC-61	Control	1	14	28	0.1915255368923418
GW-9957	Control	1	14	29	0.16485219979149546
BESC-331	Control	1	14	2	0.16728997467029663
BESC-168	Control	1	14	30	0.11169152871380476
KLND-20-5	Control	1	14	31	0.17251630590438644
GW-9879	Control	1	14	3	0.1738556559372709
GW-10997	Control	1	14	4	0.15993123492880496
GW-7988	Control	1	14	5	0.15419304583639096
GW-11036	Control	1	14	6	0.14191264630801023
GW-11015	Control	1	14	7	0.11165474973345188
BESC-233	Control	1	14	8	0.08848494254692688
BESC-35	Control	1	14	9	0.20289582978867152
BESC-1204	Control	1	15	10	0.18785103931947167
BESC-230	Control	1	15	12	0.15777053293004065
BESC-240	Control	1	15	13	0.14212714963529832
GW-10992	Control	1	15	14	0.19077342761419555
BESC-908	Control	1	15	15	0.12540764902646856
BESC-814	Control	1	15	16	0.16550020857578063
BESC-210	Control	1	15	17	0.16184653485738598
BESC-396	Control	1	15	18	0.13304437590219567
BESC-394	Control	1	15	19	0.13398155421699437
GW-9911	Control	1	15	20	0.10934436430782113
BESC-133	Control	1	15	22	0.15455701706928068
BESC-1041	Control	1	15	23	0.1346589353148869
BESC-1151	Control	1	15	24	0.18625336387546987
GW-7129	Control	1	15	25	0.179374694026473
DEND-17-2	Control	1	15	26	0.14662991454156502
GW-4594	Control	1	15	27	0.1453068017733378
GW-11024	Control	1	15	28	0.10780154547992553
BESC-1067	Control	1	15	29	0.20970272354069713
DENC-17-2	Control	1	15	2	0.1737367770353392
GW-2045	Control	1	15	30	0.16512901783481426
GW-9778	Control	1	15	31	0.12426144087554196
BESC-74	Control	1	15	3	0.1911403319315585
GS-001-03	Control	1	15	4	0.11423497952493375
GW-9803	Control	1	15	5	0.13239814236511882
BESC-854	Control	1	15	6	0.1123221810468539
BESC-1004	Control	1	15	7	0.14608003673002765
BESC-809	Control	1	15	8	0.13784440131319675
BESC-200	Control	1	15	9	0.1355991080834501
GW-2573	Control	1	16	10	0.13701251935672198
FNYI-28-5	Control	1	16	11	0.12729123062902292
GW-7091	Control	1	16	12	0.17157010881341914
DEND-17-1	Control	1	16	13	0.12655505030783248
GW-9758	Control	1	16	14	0.12662203529724572
GW-9964	Control	1	16	15	0.20716059867222023
GW-521	Control	1	16	16	0.14517408963215453
BESC-360	Control	1	16	17	0.15643714462991304
GW-11033	Control	1	16	18	0.15535076033968032
GW-7142	Control	1	16	19	0.12081188675589837
GW-4611	Control	1	16	20	0.14289886814356278
BESC-847	Control	1	16	21	0.12281711759968705
GW-2897	Control	1	16	22	0.15568309207182823
GW-2175	Control	1	16	23	0.1652285604286183
GW-2066	Control	1	16	24	0.17138426131466944
GW-7067	Control	1	16	25	0.18047953892051719
GW-9761	Control	1	16	26	0.1278268952526363
GW-9772	Control	1	16	27	0.17010062602918138
GW-9917	Control	1	16	28	0.13709317064512055
GW-8489	Control	1	16	29	0.14569083692830734
BESC-1239	Control	1	16	2	0.13154619662660427
GW-2166	Control	1	16	30	0.16199813330239513
GW-8585	Control	1	16	3	0.14236920859893074
GW-7087	Control	1	16	4	0.1673451971794755
GW-7044	Control	1	16	5	0.2167815476906383
GW-6891	Control	1	16	6	0.25328926752875264
GW-7125	Control	1	16	7	0.14756313813560037
SKWE-24-4	Control	1	16	8	0.16244944972161568
BESC-248	Control	1	16	9	0.17073156795873934
GW-9904	Control	1	17	10	0.14757643919190952
GW-9902	Control	1	17	11	0.17164426871302046
BESC-152	Control	1	17	13	0.1296314932286999
GW-9814	Control	1	17	14	0.17032164795396892
BESC-49	Control	1	17	15	0.14378852265396957
BESC-861	Control	1	17	16	0.1194098064352502
BESC-272	Control	1	17	17	0.13357113449780086
BESC-51	Control	1	17	18	0.2156824559214038
BESC-396	Control	1	17	19	0.11916325249126139
GW-8403	Control	1	17	1	0.1374359306344137
GW-9805	Control	1	17	20	0.1472847615402345
BESC-266	Control	1	17	21	0.17775476921589814
BESC-234	Control	1	17	22	0.14639450371621904
BESC-73	Control	1	17	23	0.18291188387928828
BESC-438	Control	1	17	24	0.1259379089677512
GW-7985	Control	1	17	25	0.17829736441799457
BESC-238	Control	1	17	26	0.12422634395976846
BESC-293	Control	1	17	27	0.1276995500180716
BESC-1016	Control	1	17	29	0.12398711321988182
BESC-204	Control	1	17	2	0.1544715480064847
GW-7014	Control	1	17	30	0.13479070158361145
GW-7977	Control	1	17	31	0.18980749809730593
GW-11049	Control	1	17	3	0.1734144031883668
BESC-52	Control	1	17	4	0.1519957518026137
BESC-39	Control	1	17	5	0.12352996591644406
GW-9892	Control	1	17	6	0.1865198767715919
BESC-254	Control	1	17	7	0.1464694524285346
GW-9760	Control	1	17	8	0.141840528255545
GW-9843	Control	1	17	9	0.1413105836901461
GW-9788	Control	1	18	10	0.13113341825303076
GW-9815	Control	1	18	11	0.11366485824280798
BESC-241	Control	1	18	12	0.2042237581323803
GW-9786	Control	1	18	13	0.11893103837433215
BESC-849	Control	1	18	14	0.1472436904326712
GW-9797	Control	1	18	15	0.07993551677658176
BESC-335	Control	1	18	16	0.1585651720419348
GW-9580	Control	1	18	17	0.17164088297976743
BESC-205	Control	1	18	18	0.12727814291316958
GW-9839	Control	1	18	19	0.17157817739021738
BESC-407	Control	1	18	1	0.1336096616871947
BESC-66	Control	1	18	20	0.1374517254747289
BESC-370	Control	1	18	21	0.18079555796275257
BESC-900	Control	1	18	22	0.12182707636134847
BESC-865	Control	1	18	23	0.11023097550017853
BESC-298	Control	1	18	24	0.14981645844637154
BESC-97	Control	1	18	25	0.22963176884189468
BESC-60	Control	1	18	26	0.20703067161463876
BESC-414	Control	1	18	27	0.1207030824419272
BESC-278	Control	1	18	28	0.1288927963349537
BESC-1033	Control	1	18	29	0.19348573540666975
KTMA-12-2	Control	1	18	2	0.13030246896569542
HOMD-21-4	Control	1	18	30	0.14090264963324486
GW-9920	Control	1	18	31	0.15023979495590414
BESC-244	Control	1	18	3	0.16367029000929265
GW-11032	Control	1	18	4	0.15625436568480247
BESC-320	Control	1	18	5	0.1523828869859086
GW-11031	Control	1	18	6	0.12686223342307876
BESC-280	Control	1	18	7	0.15007311491649566
BESC-309	Control	1	18	8	0.14399507792031668
CHWJ-27-1	Control	1	18	9	0.1492138797928287
GLCA-26-1	Control	1	19	10	0.179883268990355
BESC-1203	Control	1	19	11	0.16995256880095308
BESC-259	Control	1	19	12	0.19037614148864768
WELC-27-2	Control	1	19	13	0.1507590477376626
BESC-310	Control	1	19	14	0.15786743309130422
HOMB-21-3	Control	1	19	15	0.15067233854303902
GW-9875	Control	1	19	16	0.1053437607738718
BESC-1177	Control	1	19	17	0.17696170880631074
BESC-1181	Control	1	19	18	0.15624594961438845
BESC-1073	Control	1	19	19	0.2318000137543757
BESC-1009	Control	1	19	1	0.16485879100744494
BESC-367	Control	1	19	20	0.14974642651525508
BESC-5	Control	1	19	21	0.23077331871711312
BESC-267	Control	1	19	22	0.16419761446038061
HARC-26-1	Control	1	19	23	0.13889247161761373
BESC-29	Control	1	19	24	0.19766249464951796
GW-7062	Control	1	19	25	0.16045881161521133
BESC-1160	Control	1	19	26	0.22971278188517852
GW-7139	Control	1	19	27	0.12065480716662902
GW-6958	Control	1	19	28	0.12103438467359089
BESC-1097	Control	1	19	2	0.15822051673201112
GW-2501	Control	1	19	30	0.14545581457618756
BESC-161	Control	1	19	4	0.21811606453547386
BESC-1223	Control	1	19	5	0.22573142780352232
BESC-140	Control	1	19	6	0.19508434179594164
BESC-888	Control	1	19	7	0.12665170034283346
GW-2365	Control	1	19	8	0.15540342903238744
CHWH-27-5	Control	1	19	9	0.13364474179302505
BESC-906	Control	1	1	10	0.11196487165545067
GW-2351	Control	1	1	11	0.1546102652065171
GW-9763	Control	1	1	16	0.13308761378939044
BESC-127	Control	1	1	17	0.19909282588849023
BESC-416	Control	1	1	19	0.17205771834454842
SKWD-24-5	Control	1	1	1	0.14262739704978575
BESC-88	Control	1	1	22	0.19777686899710797
BESC-232	Control	1	1	23	0.18527454816890526
GW-7989	Control	1	1	24	0.16609712951284458
BESC-406	Control	1	1	25	0.1355360118786194
BESC-225	Control	1	1	26	0.13807261477694593
GW-11025	Control	1	1	27	0.1340985709684369
BESC-327	Control	1	1	28	0.12139742027372029
BESC-154	Control	1	1	29	0.18055506456235856
BESC-104	Control	1	1	2	0.21125548312193262
GW-9854	Control	1	1	30	0.133685467212587
BESC-429	Control	1	1	31	0.14838199996469784
BESC-1175	Control	1	1	3	0.1516120468989569
BESC-322	Control	1	1	5	0.16215560274595964
GW-11045	Control	1	1	6	0.19119269125899768
MCMN-27-5	Control	1	1	7	0.16233761180558204
BESC-876	Control	1	1	8	0.14758202270469872
BESC-423	Control	1	20	10	0.149594784603724
BESC-80	Control	1	20	11	0.23628598020028554
CNYH-28-3	Control	1	20	12	0.1472487299456257
BESC-833	Control	1	20	13	0.135270669235527
GW-10982	Control	1	20	14	0.14184324847220295
BESC-361	Control	1	20	16	0.12424775973493811
BESC-826	Control	1	20	17	0.12023516913531579
BESC-905	Control	1	20	18	0.11350276062393533
BESC-839	Control	1	20	19	0.10695160280353526
GW-8639	Control	1	20	1	0.12296812137730584
BESC-831	Control	1	20	20	0.13038545070832697
BESC-465	Control	1	20	21	0.14961260455596756
BESC-271	Control	1	20	22	0.08413390631424203
BESC-469	Control	1	20	23	0.14362205519465476
GLCB-26-5	Control	1	20	24	0.18459483306129687
GW-7141	Control	1	20	25	0.06918162240722861
GW-1983	Control	1	20	26	0.22888569117600546
GW-1950	Control	1	20	27	0.15897554841683106
BESC-359	Control	1	20	28	0.15143381727506705
BESC-1070	Control	1	20	29	0.15353525089311265
BESC-446	Control	1	20	2	0.1325167818342211
BESC-17	Control	1	20	30	0.20237305773340122
BESC-305	Control	1	20	3	0.15988528631919857
BESC-199	Control	1	20	4	0.1676123223775317
GW-9886	Control	1	20	5	0.15352697014610703
GW-9832	Control	1	20	6	0.14963237767551751
GW-9869	Control	1	20	7	0.14401897908115704
BESC-99	Control	1	20	8	0.16208199392755482
GW-9812	Control	1	20	9	0.13713645385403347
GW-11051	Control	1	21	10	0.18580293315002852
SKWD-24-1	Control	1	21	11	0.12992572856582216
GW-9909	Control	1	21	12	0.13108802738659
GW-7987	Control	1	21	13	0.2744048972421935
CHWJ-27-2	Control	1	21	15	0.1269952843259481
BESC-1231	Control	1	21	16	0.17660221343050084
CHWH-27-5	Control	1	21	17	0.14724273451154374
GW-9811	Control	1	21	18	0.1641944090388479
GW-9589	Control	1	21	19	0.15584726327296877
BESC-231	Control	1	21	1	0.10325358723822274
GW-9858	Control	1	21	20	0.17559282049700695
BESC-307	Control	1	21	21	0.177030760982981
GS-050-08	Control	1	21	22	0.17975578466699169
BESC-349	Control	1	21	23	0.1489621196636035
Clarno-12838	Control	1	21	24	0.1412496452585784
GW-11018	Control	1	21	25	0.09342919910180766
Lapwai	Control	1	21	26	0.17371612425973096
BESC-283	Control	1	21	27	0.16837252428076213
BESC-57	Control	1	21	28	0.16811807203099977
BESC-1153	Control	1	21	29	0.10793601831983587
BESC-71	Control	1	21	2	0.13600755965020542
GW-9777	Control	1	21	30	0.1279971686311407
CHWK-27-2	Control	1	21	3	0.17626456056996612
GW-9597	Control	1	21	5	0.14728181725293904
BESC-836	Control	1	21	6	0.14134894305544016
BESC-350	Control	1	21	7	0.15446248042944624
GW-7984	Control	1	21	8	0.17574205830741943
GW-9915	Control	1	21	9	0.19261468487352837
BESC-146	Control	1	22	10	0.13659906647013892
GW-9801	Control	1	22	11	0.16573268229488103
LILA-26-3	Control	1	22	12	0.11120920594662045
HARB-26-2	Control	1	22	13	0.20424146935839455
HOPF-27-5	Control	1	22	14	0.15197381588521933
BESC-161	Control	1	22	15	0.16919104619347253
GW-7017	Control	1	22	16	0.23258751124175284
BESC-50	Control	1	22	17	0.1684641432439501
BESC-422	Control	1	22	18	0.17338321287185485
MTSM-27-1	Control	1	22	19	0.1639269875776854
GW-9579	Control	1	22	1	0.13213586485879888
GW-9900	Control	1	22	20	0.12698174342423021
GW-9587	Control	1	22	21	0.1160295017397838
NHTB-27-4	Control	1	22	22	0.12685981456167583
CHWH-27-3	Control	1	22	23	0.12917230438303032
GW-9948	Control	1	22	24	0.11337066587243239
GW-9810	Control	1	22	25	0.1582620740663752
BESC-896	Control	1	22	26	0.14697347149732246
GW-11037	Control	1	22	27	0.2207384541107653
BESC-1018	Control	1	22	28	0.17999845607070036
GW-2480	Control	1	22	29	0.16243309835960035
BESC-193	Control	1	22	2	0.13790847935068196
BESC-1015	Control	1	22	30	0.224416813791957
HARB-26-3	Control	1	22	3	0.15287677293187474
GW-9919	Control	1	22	4	0.12304629318239793
GW-9582	Control	1	22	5	0.12980670054952415
GW-9845	Control	1	22	7	0.1596421558754326
HARB-26-4	Control	1	22	8	0.18347129064982567
BESC-840	Control	1	22	9	0.13558549278180648
GW-9906	Control	1	23	10	0.13330375004477737
BESC-357	Control	1	23	11	0.14956476445612593
BESC-851	Control	1	23	12	0.1552690754053341
BESC-400	Control	1	23	13	0.14353982844373206
BESC-431	Control	1	23	14	0.11990231911944316
GW-11035	Control	1	23	15	0.19647030165598217
BESC-884	Control	1	23	16	0.12926272027707003
BESC-98	Control	1	23	17	0.12824942789715366
BESC-878	Control	1	23	18	0.14460220463783993
BESC-214	Control	1	23	19	0.14030111829699482
SQMB-25-1	Control	1	23	1	0.1482837989311948
BESC-381	Control	1	23	20	0.162125784210214
BESC-457	Control	1	23	21	0.14766259834704198
BESC-308	Control	1	23	22	0.149096865669579
GLCB-26-4	Control	1	23	23	0.15602235340920298
BESC-1095	Control	1	23	24	0.2094462006321011
SQMB-25-3	Control	1	23	25	0.14149353032215162
GW-9853	Control	1	23	26	0.12986688114750802
SKWD-24-4	Control	1	23	27	0.1701908471404932
BESC-345	Control	1	23	28	0.15769943181928212
GW-9781	Control	1	23	29	0.12497667262149584
BESC-277	Control	1	23	2	0.15736370166596655
GW-9956	Control	1	23	30	0.17079223533395524
GW-9842	Control	1	23	3	0.1346425506429092
GW-9793	Control	1	23	4	0.12120233059648496
DENA-17-1	Control	1	23	5	0.15002384555359968
BESC-823	Control	1	23	6	0.14311508805037426
GW-9855	Control	1	23	7	0.15919642343902582
BESC-209	Control	1	23	8	0.12530193766586725
BESC-420	Control	1	23	9	0.14605874538270688
BESC-1026	Control	1	24	10	0.18768145067679776
BESC-91	Control	1	24	11	0.16669447000603
BESC-281	Control	1	24	12	0.12474751244712122
BESC-1140	Control	1	24	13	0.15435567472394493
HARC-26-4	Control	1	24	14	0.1959563141432162
BESC-354	Control	1	24	15	0.1540885832050504
BLCG-28-1	Control	1	24	16	0.12155338450670335
GW-9829	Control	1	24	17	0.1466312863975864
BESC-1219	Control	1	24	18	0.11810450123524523
HARB-26-1	Control	1	24	19	0.14334589774220954
BESC-468	Control	1	24	1	0.10839241237730063
SQMC-25-5	Control	1	24	20	0.12423636504778934
BESC-1145	Control	1	24	21	0.17105093034236277
LILD-26-5	Control	1	24	22	0.13228998963561184
HOMB-21-2	Control	1	24	23	0.12124300092811935
BESC-838	Control	1	24	24	0.1165154829824379
BESC-1174	Control	1	24	25	0.12642335864788973
SQMA-25-2	Control	1	24	26	0.14817597058986154
BESC-132	Control	1	24	27	0.21498654279653406
HRSP-27-4	Control	1	24	28	0.16197455839429395
BESC-904	Control	1	24	29	0.11711389475281776
BESC-437	Control	1	24	2	0.164059091259844
SLMB-28-4	Control	1	24	30	0.13067496784758104
GW-9779	Control	1	24	3	0.16753053109877455
BESC-447	Control	1	24	4	0.12298468579769439
BESC-303	Control	1	24	5	0.11589097845783498
BESC-346	Control	1	24	6	0.13154503098389397
GW-10984	Control	1	24	7	0.14356018939371742
BESC-130	Control	1	24	9	0.17028374422003556
WELC-27-4	Control	1	25	10	0.13227407842360106
BESC-1020	Control	1	25	11	0.1802539036386469
GW-9893	Control	1	25	12	0.15336054134045043
BESC-1146	Control	1	25	13	0.14291996219570227
BESC-853	Control	1	25	14	0.16806564038845706
BESC-1108	Control	1	25	15	0.1271391063414634
KLNC-20-2	Control	1	25	16	0.18804933394441112
GW-9767	Control	1	25	17	0.1157107006887969
BESC-128	Control	1	25	18	0.17989395728994925
BESC-81	Control	1	25	19	0.18338073573730357
GW-2889	Control	1	25	1	0.19856606225616652
BESC-1082	Control	1	25	20	0.12793717054328002
SQMC-25-3	Control	1	25	21	0.14612742138334295
GW-9961	Control	1	25	22	0.14135473793065662
BESC-1233	Control	1	25	23	0.1366244055437497
BESC-1232	Control	1	25	24	0.18964311057308142
BESC-1031	Control	1	25	25	0.17073275260940257
BESC-1202	Control	1	25	26	0.15079481676318474
BESC-1112	Control	1	25	27	0.11632134010649449
BESC-1170	Control	1	25	28	0.12909196980623935
HARA-26-2	Control	1	25	29	0.17699133766445033
BESC-20	Control	1	25	2	0.14071374128175154
BESC-106	Control	1	25	30	0.13751025498681438
GW-9884	Control	1	25	3	0.12996620572305684
BESC-405	Control	1	25	4	0.13259716286366566
GW-7975	Control	1	25	5	0.16038356627141995
BESC-1052	Control	1	25	6	0.13402114246870975
SQMA-25-1	Control	1	25	7	0.0805062713257437
GW-10987	Control	1	25	8	0.12004327066566016
BESC-371	Control	1	25	9	0.1681802074778812
GW-2591	Control	1	26	10	0.16620122433932916
HRSO-27-1	Control	1	26	11	0.12749159402953963
BESC-1101	Control	1	26	12	0.18936956598031723
BESC-380	Control	1	26	13	0.13879155592066098
GW-8619	Control	1	26	14	0.1853822085998614
BESC-291	Control	1	26	15	0.14599204018892778
GW-9806	Control	1	26	16	0.15945008609911313
GW-11039	Control	1	26	17	0.22008204887617816
GW-9914	Control	1	26	18	0.14198704377921056
CHWH-27-4	Control	1	26	19	0.11051083986173006
BESC-822	Control	1	26	20	0.10840450432641661
BESC-145	Control	1	26	21	0.12574597746385627
GW-9756	Control	1	26	22	0.14404616731618192
BESC-1054	Control	1	26	23	0.12122826645411244
GW-11042	Control	1	26	24	0.1234039139968324
GW-9963	Control	1	26	25	0.13167245836749197
NHTB-27-3	Control	1	26	26	0.16262696329944396
SKWB-24-5	Control	1	26	27	0.09775558802049235
GW-9833	Control	1	26	28	0.14281970065962088
BESC-150	Control	1	26	29	0.1108078564737204
BESC-189	Control	1	26	30	0.0914973102474886
GW-11047	Control	1	26	3	0.1688869787891653
BESC-887	Control	1	26	4	0.1361911338228499
BESC-911	Control	1	26	5	0.1339612660528729
BESC-37	Control	1	26	6	0.16517772635506162
BESC-68	Control	1	26	7	0.15013814960688668
BESC-389	Control	1	26	8	0.1448543727961143
BESC-376	Control	1	26	9	0.16046396204015378
BESC-893	Control	1	27	10	0.09272215237130926
BESC-1157	Control	1	27	11	0.1575506948587986
GW-9971	Control	1	27	12	0.19624237686522897
GW-11014	Control	1	27	13	0.11775643979203075
KLNB-20-3	Control	1	27	15	0.1638735260634645
GW-1909	Control	1	27	16	0.23909228150953019
GW-2220	Control	1	27	18	0.16700685659404949
GW-365	Control	1	27	19	0.13253036005282423
BESC-1143	Control	1	27	1	0.1579888891737083
HRSP-27-5	Control	1	27	20	0.1352390884140201
GW-2092	Control	1	27	21	0.1663204326026324
KLNE-20-4	Control	1	27	22	0.15618916358587948
SLMC-28-3	Control	1	27	23	0.27416248574129
GW-2590	Control	1	27	24	0.13688064297423655
BESC-1161	Control	1	27	26	0.1407410008606014
GW-4607	Control	1	27	27	0.1562442655038162
BESC-250	Control	1	27	29	0.1412778648144132
GW-9837	Control	1	27	30	0.15774973557685606
GW-11011	Control	1	27	3	0.17318818751332515
BESC-1109	Control	1	27	4	0.17625522047146946
BESC-1096	Control	1	27	5	0.1589089968260272
BESC-1178	Control	1	27	6	0.09992029877272815
KLNE-20-5	Control	1	27	7	0.1154678189235375
BESC-1051	Control	1	27	8	0.22407637009478537
BESC-19	Control	1	27	9	0.14119733225617553
GW-2228	Control	1	28	10	0.09216955756029228
GW-2884	Control	1	28	12	0.15073619388897935
GW-2116	Control	1	28	13	0.12968017460579662
BESC-1014	Control	1	28	14	0.1645510664738743
BESC-1091	Control	1	28	15	0.19581475076531557
BESC-1212	Control	1	28	16	0.23183783729858493
BESC-1144	Control	1	28	17	0.16644881418551424
GW-2076	Control	1	28	18	0.1990146358676911
SKWA-24-3	Control	1	28	19	0.15001813093733798
DENB-17-1	Control	1	28	1	0.1486381264784701
GW-2299	Control	1	28	20	0.18713072992783014
GW-1863	Control	1	28	21	0.1792564187344194
GW-2048	Control	1	28	22	0.16610218357721387
GW-8513	Control	1	28	23	0.13787341999640862
GW-7079	Control	1	28	24	0.24927732300811584
GW-6995	Control	1	28	25	0.16943283411829715
GW-7133	Control	1	28	27	0.22025544800256044
GW-2486	Control	1	28	28	0.13368968645754856
GW-9960	Control	1	28	29	0.13534699632589978
BESC-1235	Control	1	28	2	0.12813829654092526
GW-9958	Control	1	28	30	0.16570056554279797
BESC-1210	Control	1	28	3	0.1822568639367074
SKWE-24-4	Control	1	28	4	0.13779532557149446
GW-7118	Control	1	28	5	0.14362757698450515
GW-2631	Control	1	28	6	0.1452269925272307
BESC-116	Control	1	28	7	0.20267847798641458
GW-4593	Control	1	28	8	0.14081134515012464
SQMA-25-1	Control	1	29	10	0.11130180905807709
GW-2892	Control	1	29	11	0.17282922605646467
GW-4530	Control	1	29	12	0.16268706972918134
GW-6808	Control	1	29	14	0.17807082683880568
GW-2236	Control	1	29	15	0.20930123794711922
GW-8481	Control	1	29	16	0.15187325582040134
LILB-26-3	Control	1	29	17	0.1124925469406687
BESC-166	Control	1	29	18	0.16614275456026553
GW-2283	Control	1	29	19	0.17322858502541036
BESC-123	Control	1	29	1	0.19947551138970487
GW-2887	Control	1	29	20	0.16644966445783274
BESC-203	Control	1	29	21	0.16960706133980769
BESC-807	Control	1	29	22	0.13221165880104768
BESC-12	Control	1	29	23	0.11946310795445775
BESC-1180	Control	1	29	24	0.16316259524928686
GW-2551	Control	1	29	25	0.13361116589813957
BESC-1068	Control	1	29	26	0.20908079352485162
GW-4595	Control	1	29	27	0.16936521101219415
GW-2037	Control	1	29	28	0.15853229421759332
BESC-374	Control	1	29	29	0.15394282030874049
GW-4583	Control	1	29	2	0.16525069722408658
BESC-59	Control	1	29	30	0.13506736086025847
GW-2532	Control	1	29	3	0.14765491827294597
GW-2327	Control	1	29	4	0.1995722095422543
GW-2165	Control	1	29	5	0.1937997061801446
BESC-1132	Control	1	29	6	0.15781302268383604
BESC-1155	Control	1	29	7	0.13368368364889238
BESC-1229	Control	1	29	8	0.21401852385544615
BESC-101	Control	1	29	9	0.20325822476412184
BESC-1071	Control	1	2	10	0.15816671262033827
BESC-169	Control	1	2	11	0.09128211773498972
WELC-27-1	Control	1	2	12	0.1381248325781182
BESC-1046	Control	1	2	13	0.154692559705024
BESC-1206	Control	1	2	14	0.157894153172171
GW-9841	Control	1	2	15	0.11112830634693674
GW-9873	Control	1	2	16	0.1762883272759404
MCMN-27-4	Control	1	2	18	0.17608862260507593
BESC-819	Control	1	2	19	0.13855589103721147
BESC-111	Control	1	2	20	0.2012102467233942
BESC-23	Control	1	2	21	0.16877621028498438
GW-9773	Control	1	2	22	0.11654833915340494
YALD-27-5	Control	1	2	23	0.15492134187938572
GW-9887	Control	1	2	24	0.1897126808660901
BESC-208	Control	1	2	25	0.14862507002106248
BESC-89	Control	1	2	26	0.23143478145901936
GW-9894	Control	1	2	27	0.17954574786626934
BESC-229	Control	1	2	28	0.1397331396958219
GW-9965	Control	1	2	29	0.13777607812970816
GW-2616	Control	1	2	2	0.12810111476089162
BESC-191	Control	1	2	31	0.14976087434045593
GW-7019	Control	1	2	3	0.15813737965376617
GW-6946	Control	1	2	4	0.20759818245764555
GW-2161	Control	1	2	5	0.16832667918477234
BESC-1019	Control	1	2	6	0.18444189187851512
BESC-33	Control	1	2	7	0.2003667774679635
SKWA-24-4	Control	1	2	8	0.16310915431651832
GW-7983	Control	1	2	9	0.203350411663059
CMBF-28-4	Control	1	30	10	0.13757311691802282
BESC-167	Control	1	30	11	0.13563756306137656
NHTB-27-1	Control	1	30	12	0.1540334384028243
GW-9782	Control	1	30	13	0.1583044046459678
CHWI-27-4	Control	1	30	14	0.11899227174564674
BESC-6	Control	1	30	15	0.19852818686510837
GW-9583	Control	1	30	16	0.15626794357674612
GW-9968	Control	1	30	17	0.20882192942981184
BESC-192	Control	1	30	18	0.14000379188831644
GW-6858	Control	1	30	19	0.20050572004696002
BESC-178	Control	1	30	1	0.14276004046809793
GW-7137	Control	1	30	20	0.13554787379055128
GW-6909	Control	1	30	21	0.1842235992830485
GW-8553	Control	1	30	22	0.18885738778498898
GW-6981	Control	1	30	23	0.23566505838586763
GW-7152	Control	1	30	24	0.125954574157664
GW-552	Control	1	30	25	0.15928947314691122
GW-8407	Control	1	30	26	0.10965987477362481
GW-8401	Control	1	30	27	0.14023955030005222
GW-4603	Control	1	30	28	0.15850807502239472
SLMC-28-2	Control	1	30	29	0.1291395041021961
BESC-464	Control	1	30	2	0.17922012052241576
CA-01-03	Control	1	30	30	0.13910162786119837
HARB-26-5	Control	1	30	3	0.14042285127992257
FNYI-28-2	Control	1	30	4	0.1560481988107623
BESC-1146	Control	1	30	5	0.16458811529656472
BESC-427	Control	1	30	6	0.09622024025060283
BESC-185	Control	1	30	7	0.14030858637300062
BESC-1029	Control	1	30	8	0.18266392064419668
GW-9947	Control	1	30	9	0.13391764836424752
BESC-187	Control	1	31	10	0.19136250636241708
SKWE-24-2	Control	1	31	11	0.14528969116534482
BESC-56	Control	1	31	12	0.17085331749557403
BESC-131	Control	1	31	13	0.21338771422344013
GLCB-26-3	Control	1	31	14	0.12863966859983894
HARC-26-3	Control	1	31	15	0.13172206684467042
HARA-26-1	Control	1	31	16	0.13437080763041173
DENB-17-2	Control	1	31	17	0.13521388127403983
SKWA-24-5	Control	1	31	18	0.14126340697641404
BESC-136	Control	1	31	19	0.1606245483234255
VNDL-27-5	Control	1	31	1	0.16317151934066224
BESC-276	Control	1	31	20	0.13231188508737915
GW-8552	Control	1	31	21	0.15873050224103913
Nisqually-1	Control	1	31	22	0.1748046073424926
GW-2392	Control	1	31	23	0.12575840330169813
GW-2408	Control	1	31	24	0.13548813420304306
GW-6828	Control	1	31	25	0.13708156302347302
GW-2572	Control	1	31	26	0.18062129294614088
GW-8445	Control	1	31	27	0.15448945705790054
GW-6831	Control	1	31	28	0.16324796464921154
HOMA-21-1	Control	1	31	29	0.1528742539921369
BESC-1057	Control	1	31	2	0.15813446003420847
BESC-122	Control	1	31	30	0.2025516691086584
GW-2327	Control	1	31	3	0.142740752221239
KLNG-20-6	Control	1	31	4	0.18918013803878708
SKWB-24-2	Control	1	31	5	0.11534260822024593
GW-9953	Control	1	31	6	0.20308514303715555
GW-2631	Control	1	31	7	0.12530940592263157
SKWF-24-5	Control	1	31	8	0.11500078621129159
GW-9952	Control	1	32	10	0.19234593170101233
GW-2356	Control	1	32	11	0.11585439597706916
BLCG-28-3	Control	1	32	12	0.1142016136187393
BESC-1171	Control	1	32	13	0.11771149406299526
BESC-1226	Control	1	32	14	0.12132391360228859
GW-1984	Control	1	32	15	0.1488651797662706
GW-7075	Control	1	32	16	0.160866260102001
GW-6915	Control	1	32	17	0.17335262502316193
GW-8493	Control	1	32	18	0.1309336053572987
GW-367	Control	1	32	1	0.13579021001266478
GW-2204	Control	1	32	20	0.18538686339366936
GW-8511	Control	1	32	21	0.16649574301855477
GW-8527	Control	1	32	22	0.1792394655475967
BESC-1028	Control	1	32	23	0.2452362316164893
GW-2257	Control	1	32	24	0.24410702618916383
GW-2322	Control	1	32	25	0.23474721606752663
BESC-1007	Control	1	32	26	0.19914684567804794
BESC-1236	Control	1	32	27	0.1411815716982808
BESC-1105	Control	1	32	28	0.12210940062029801
BESC-1098	Control	1	32	29	0.23510831098426443
BESC-1167	Control	1	32	2	0.15975564905455256
GW-9768	Control	1	32	30	0.1474897041204062
BESC-1072	Control	1	32	3	0.16776955397599105
SQMB-25-1	Control	1	32	4	0.16283081047188117
BESC-1238	Control	1	32	5	0.10811501838758168
BESC-864	Control	1	32	6	0.12738339116092157
BESC-1163	Control	1	32	7	0.1374320301703485
HARC-26-5	Control	1	32	8	0.13636273065679855
GW-2136	Control	1	32	9	0.18658886965129368
BESC-1103	Control	1	33	10	0.17956679436180964
BESC-172	Control	1	33	11	0.1150442148177754
BESC-1168	Control	1	33	12	0.13386350634766397
BESC-1025	Control	1	33	13	0.18485046075659406
HOMC-21-1	Control	1	33	14	0.1555546081749021
GW-9770	Control	1	33	15	0.13959915646964
BESC-1099	Control	1	33	16	0.19570326311322575
BESC-1183	Control	1	33	17	0.13148984527105814
BESC-1012	Control	1	33	18	0.179246190746348
GW-9757	Control	1	33	19	0.15818581426397305
SQMC-25-4	Control	1	33	1	0.10828238064705908
BESC-409	Control	1	33	20	0.16962242662384472
GW-349	Control	1	33	21	0.12517203084143902
GW-7006	Control	1	33	23	0.14383751648849566
BESC-1107	Control	1	33	24	0.12788336284087604
BESC-1125	Control	1	33	25	0.16456375245140625
BESC-8	Control	1	33	26	0.1879817503890004
GW-9783	Control	1	33	27	0.17443420947078195
HOMC-21-1	Control	1	33	28	0.17929821213693076
BESC-1162	Control	1	33	29	0.1534577015957124
GW-11052	Control	1	33	2	0.18805473344082121
BESC-312	Control	1	33	30	0.12529370484491967
BESC-1001	Control	1	33	3	0.16618320846239534
BESC-1013	Control	1	33	4	0.1377622877544344
BESC-1005	Control	1	33	5	0.1431621177123719
BESC-1128	Control	1	33	6	0.1746563369412547
SLMB-28-3	Control	1	33	7	0.13724679627358882
BESC-108	Control	1	33	8	0.19583186615186957
BESC-1017	Control	1	33	9	0.08833923245612162
BESC-399	Control	1	34	10	0.12286580018982728
BESC-155	Control	1	34	11	0.15810826334539593
CHWH-27-2	Control	1	34	12	0.1276094822781384
BESC-48	Control	1	34	13	0.15989807174782314
BESC-2	Control	1	34	15	0.19169684056273265
GW-4579	Control	1	34	16	0.13184945981006438
BESC-330	Control	1	34	17	0.14816480348902533
KLNA-20-5	Control	1	34	18	0.10184141340059572
BESC-393	Control	1	34	19	0.1581781939433413
HOMA-21-4	Control	1	34	1	0.12512440616828346
HRSO-27-5	Control	1	34	20	0.15150261117763245
BESC-263	Control	1	34	21	0.12791989059832196
BESC-1147	Control	1	34	22	0.19083283632246423
BESC-212	Control	1	34	23	0.14166678141756706
GW-9799	Control	1	34	24	0.11011486459452709
GLCB-26-1	Control	1	34	25	0.09946597914232243
CNYH-28-2	Control	1	34	26	0.15841868239081147
BESC-382	Control	1	34	27	0.1620877413476475
GW-9916	Control	1	34	28	0.16226874591335297
BESC-1035	Control	1	34	29	0.1633462481030205
BESC-120	Control	1	34	2	0.18892163733517553
GW-7973	Control	1	34	30	0.2453978862676644
HOMC-21-3	Control	1	34	3	0.13867086093610387
BESC-1211	Control	1	34	4	0.20896420650860908
NHTA-27-5	Control	1	34	5	0.09299938313642256
BESC-107	Control	1	34	6	0.20842703596943574
BESC-164	Control	1	34	7	0.12926243320805303
KLNA-20-4	Control	1	34	8	0.14569985088488963
LILC-26-2	Control	1	34	9	0.18146155163375083
GW-9851	Control	1	35	10	0.1540296890743682
BESC-223	Control	1	35	11	0.09784523654837332
CA-01-05	Control	1	35	12	0.19042888650012324
GW-9895	Control	1	35	13	0.14393814079389375
BESC-87	Control	1	35	14	0.16619885540863666
BESC-1105	Control	1	35	15	0.1296362757728975
BESC-68	Control	1	35	16	0.15204235965508556
GW-1944	Control	1	35	17	0.15340344359107608
GW-9912	Control	1	35	18	0.15661014698662656
GW-2159	Control	1	35	19	0.18246984828883012
BESC-344	Control	1	35	1	0.11530538743651121
BESC-829	Control	1	35	20	0.10470670736488304
GW-7073	Control	1	35	21	0.17661160099061357
GW-4584	Control	1	35	22	0.13069881315215537
GW-8608	Control	1	35	23	0.15856443554925065
BESC-1248	Control	1	35	24	0.19121484930394309
BESC-113	Control	1	35	25	0.1750569173400041
BESC-181	Control	1	35	26	0.15808622749326215
GW-2451	Control	1	35	28	0.20170312361982728
GW-4606	Control	1	35	29	0.11330271472370475
GW-9921	Control	1	35	2	0.131544360967065
GW-6972	Control	1	35	30	0.13136470455750346
GW-9910	Control	1	35	3	0.15572709569403395
BESC-257	Control	1	35	4	0.20835475028130468
BESC-1	Control	1	35	5	0.16542725505837738
BESC-180	Control	1	35	6	0.11010802141483005
BESC-456	Control	1	35	7	0.16427591533791633
BESC-3	Control	1	35	8	0.20125380439352422
BESC-858	Control	1	35	9	0.15956948123813386
GW-365	Control	1	36	10	0.17056860062219378
BESC-1004	Control	1	36	11	0.13605172890702502
GW-2515	Control	1	36	12	0.16143907140512384
GW-359	Control	1	36	13	0.14727283920907067
GW-1922	Control	1	36	14	0.1714762680354633
GW-4605	Control	1	36	15	0.1783727986990557
GW-2505	Control	1	36	16	0.11175271238761789
BESC-279	Control	1	36	17	0.1409733913341642
BESC-877	Control	1	36	18	0.11232516642435683
GW-2103	Control	1	36	19	0.17090745850327196
BESC-470	Control	1	36	1	0.1918025486231855
GW-7978	Control	1	36	20	0.19785047604160388
WELC-27-5	Control	1	36	21	0.11376445051194917
GW-7992	Control	1	36	22	0.15722479856269295
GW-9819	Control	1	36	23	0.11663906321165829
BESC-351	Control	1	36	24	0.1238135793253449
CMBF-28-2	Control	1	36	26	0.1069681339049669
BESC-358	Control	1	36	27	0.15113326042198
BESC-301	Control	1	36	28	0.11756793360886676
BESC-9883	Control	1	36	29	0.14977524004491127
GW-7123	Control	1	36	2	0.12388820509173891
LILA-26-1	Control	1	36	3	0.1298288045059216
BESC-825	Control	1	36	4	0.1273139999223264
LILB-26-5	Control	1	36	5	0.11973109614146918
KTMA-12-4	Control	1	36	6	0.1467512133255124
SKWD-24-3	Control	1	36	7	0.13817050068681694
BESC-157	Control	1	36	8	0.12770168485783207
GW-2402	Control	1	36	9	0.11786300328613898
BESC-40	Control	1	37	10	0.1334024592997294
GW-4610	Control	1	37	11	0.20206890754666815
GW-7076	Control	1	37	12	0.1980685997927486
GW-9898	Control	1	37	13	0.11853397818545844
BESC-253	Control	1	37	14	0.18777657231785796
BESC-228	Control	1	37	15	0.16313033299108198
GW-2343	Control	1	37	16	0.13167277386169365
NHTA-27-4	Control	1	37	17	0.15305342602256028
BESC-63	Control	1	37	18	0.1462516343249192
GW-9759	Control	1	37	1	0.20716130503828972
BESC-834	Control	1	37	20	0.13421507911031966
BESC-333	Control	1	37	21	0.14921494342857583
BESC-902	Control	1	37	22	0.08685160390261991
BESC-295	Control	1	37	23	0.25419778785800856
BESC-41	Control	1	37	24	0.14459932521127913
BESC-424	Control	1	37	25	0.17394545945642942
BESC-269	Control	1	37	26	0.12283829777292166
GW-9857	Control	1	37	27	0.11846010139221322
GW-9908	Control	1	37	28	0.21542235376050548
GW-4579	Control	1	37	29	0.13705988973439312
GW-11016	Control	1	37	2	0.1352641456933948
BESC-395	Control	1	37	3	0.14234205783948609
BESC-1022	Control	1	37	4	0.19657392441155824
DENB-17-5	Control	1	37	5	0.09054885763435322
GW-9822	Control	1	37	6	0.14632014194308426
BESC-802	Control	1	37	7	0.11439612990622693
BESC-54	Control	1	37	8	0.16528640294219152
GW-9798	Control	1	37	9	0.14431778466924064
BESC-118	Control	1	38	10	0.18156189259687336
GW-8468	Control	1	38	11	0.13145888463444905
BESC-1050	Control	1	38	12	0.15388450671641857
GW-7074	Control	1	38	13	0.19917141558509738
GW-7071	Control	1	38	14	0.22415596443684624
GW-4588	Control	1	38	15	0.22475891310303509
BESC-63	Control	1	38	17	0.17097979829606794
GW-10958	Control	1	38	18	0.1350134984952988
GW-2428	Control	1	38	19	0.15293824710620207
BESC-1069	Control	1	38	20	0.23737324356029119
GW-4601	Control	1	38	21	0.2374500970495358
BESC-364	Control	1	38	22	0.1101569257411235
BESC-873	Control	1	38	23	0.11865011667648225
BESC-818	Control	1	38	24	0.15964932143667193
GW-9817	Control	1	38	26	0.12684561900591587
GW-2583	Control	1	38	27	0.17022757274919137
GW-9871	Control	1	38	28	0.15544889407092916
BESC-1224	Control	1	38	2	0.1926219504505476
BESC-339	Control	1	38	30	0.19394818058559896
GW-9880	Control	1	38	3	0.1303135717260794
BESC-835	Control	1	38	4	0.13297796660635328
GW-2896	Control	1	38	5	0.12699163911263306
HOPG-27-5	Control	1	38	6	0.14612054106792352
NHTA-27-2	Control	1	38	7	0.17986254637948074
KLND-20-2	Control	1	38	8	0.1802407970042568
GW-9951	Control	1	38	9	0.13067063544433147
BESC-1022	Control	1	39	10	0.18786653938103456
HRSO-27-2	Control	1	39	11	0.14460461499070149
BESC-160	Control	1	39	12	0.1598838129754948
MCMN-27-3	Control	1	39	13	0.14162985112251786
BESC-126	Control	1	39	14	0.209064987254124
BESC-421	Control	1	39	15	0.11281378067807504
BESC-195	Control	1	39	16	0.16472753063925746
BESC-453	Control	1	39	17	0.1605724173042911
BESC-891	Control	1	39	18	0.13341598258921378
GW-9907	Control	1	39	19	0.1960396951754993
GW-9820	Control	1	39	1	0.1440481569488761
BESC-186	Control	1	39	20	0.1344673906736736
BESC-163	Control	1	39	21	0.134996542789909
DENC-17-5	Control	1	39	22	0.12321898878319341
GW-9962	Control	1	39	23	0.15621957145275658
BESC-117	Control	1	39	24	0.1987144553079047
BESC-121	Control	1	39	26	0.1570663471413657
LILC-26-1	Control	1	39	27	0.13222130247701377
GW-9765	Control	1	39	28	0.16750555835345185
GW-4585	Control	1	39	29	0.11404246733226468
BESC-81	Control	1	39	2	0.17112688672434997
GW-6816	Control	1	39	30	0.15592095314444945
BESC-857	Control	1	39	3	0.18300763454691843
BESC-1093	Control	1	39	4	0.2400803389127015
CA-02-02	Control	1	39	5	0.13933460301155456
BESC-134	Control	1	39	6	0.13502373607327744
GW-9844	Control	1	39	7	0.16554433256266532
GW-9776	Control	1	39	8	0.1272198502097555
BESC-170	Control	1	39	9	0.13885318817635758
BESC-296	Control	1	3	10	0.1501437479038685
BESC-882	Control	1	3	11	0.07310055002815762
BESC-881	Control	1	3	12	0.16178475201859016
GW-9838	Control	1	3	13	0.16669069199317466
GW-9595	Control	1	3	14	0.1414245929071864
BESC-32	Control	1	3	15	0.16198369649622588
GW-9588	Control	1	3	16	0.1741723446937625
GW-9828	Control	1	3	17	0.1436062533751048
BESC-842	Control	1	3	18	0.13229357181523735
BESC-801	Control	1	3	19	0.11974954308777604
BESC-219	Control	1	3	1	0.1311968846181095
BESC-466	Control	1	3	20	0.138899295020153
GW-9764	Control	1	3	21	0.09406146161479469
BESC-352	Control	1	3	23	0.17148287165017323
BESC-397	Control	1	3	24	0.15846127497455975
BESC-369	Control	1	3	25	0.162252062209132
BESC-251	Control	1	3	26	0.11084597945382128
GW-9872	Control	1	3	27	0.15321852894395704
GW-9775	Control	1	3	28	0.16716416210736146
GW-8611	Control	1	3	29	0.10367391974759259
HARC-26-5	Control	1	3	2	0.15065771783400153
GW-8601	Control	1	3	30	0.2494409202420633
BESC-450	Control	1	3	31	0.13451045277454834
BESC-249	Control	1	3	3	0.11210695076354005
BESC-211	Control	1	3	4	0.16366433200701996
GW-9596	Control	1	3	5	0.15247707201321942
BESC-815	Control	1	3	6	0.16257092262731027
GW-9818	Control	1	3	8	0.15287384385329883
GW-9969	Control	1	3	9	0.19010511351557466
YALD-27-2	Control	1	40	10	0.1566949459538119
PHY-1	Control	1	40	11	0.14817585375276388
GW-9863	Control	1	40	12	0.1744162278540158
GW-9792	Control	1	40	13	0.13673047204733066
BESC-171	Control	1	40	14	0.19811571819689153
SKWF-24-3	Control	1	40	15	0.1631859855660458
HOPG-27-3	Control	1	40	16	0.1259136680364539
BESC-165	Control	1	40	17	0.12885773275543866
BESC-856	Control	1	40	18	0.11589368680937376
SKWC-24-1	Control	1	40	19	0.15420244773240482
MTSM-27-3	Control	1	40	1	0.18293021112975053
GW-9848	Control	1	40	20	0.13988334385866727
SQMB-25-4	Control	1	40	21	0.1286328768816776
SQMC-25-1	Control	1	40	22	0.13585798535268978
BESC-144	Control	1	40	23	0.12786662540500143
SLMC-28-1	Control	1	40	24	0.12576384698717336
BESC-162	Control	1	40	25	0.12796234826517733
GW-9891	Control	1	40	26	0.15157320729771906
SKWE-24-3	Control	1	40	27	0.13200238829586483
GW-9970	Control	1	40	28	0.2076539929857123
BESC-1012	Control	1	40	29	0.168460926481569
BESC-909	Control	1	40	2	0.14842122629984775
GW-8505	Control	1	40	30	0.12991729204307953
BESC-188	Control	1	40	3	0.1723100596072777
GW-9795	Control	1	40	4	0.14459337741050723
BESC-398	Control	1	40	5	0.15495298685989933
KLNB-20-2	Control	1	40	7	0.16985234985940595
BESC-182	Control	1	40	8	0.1432120753324501
BESC-38	Control	1	40	9	0.1304538255312127
BESC-366	Control	1	41	10	0.18099707363029202
BESC-15	Control	1	41	11	0.14361906054016235
GW-9809	Control	1	41	12	0.1482167146746282
KLNA-20-3	Control	1	41	13	0.1271875097815979
GW-11026	Control	1	41	14	0.09001377787037411
BESC-34	Control	1	41	15	0.16858350337013306
BESC-261	Control	1	41	16	0.12709985278746402
BESC-125	Control	1	41	17	0.1699224582849791
LILD-26-4	Control	1	41	18	0.18643744791529085
GW-10072	Control	1	41	19	0.11432443878163395
WHTE-28-3	Control	1	41	20	0.1089406765979274
BESC-256	Control	1	41	21	0.1906880751947854
HRSP-27-1	Control	1	41	22	0.17221271551037862
GW-9861	Control	1	41	23	0.12792932477712152
BESC-177	Control	1	41	24	0.12703187886564626
BESC-102	Control	1	41	25	0.19502453985368357
LILD-26-3	Control	1	41	26	0.13573549438432092
HOMB-21-4	Control	1	41	27	0.13685564491070354
LILD-26-2	Control	1	41	28	0.10609286139370493
GW-6855	Control	1	41	29	0.17626712323112023
BESC-148	Control	1	41	2	0.1351005231198763
GW-9859	Control	1	41	30	0.11720185344065549
GW-9585	Control	1	41	3	0.1344022752821983
GW-9950	Control	1	41	4	0.15138404593819518
GW-11053	Control	1	41	5	0.12074421155521414
KLND-20-1	Control	1	41	6	0.13927584731426204
BESC-110	Control	1	41	7	0.1776895997377475
BESC-103	Control	1	41	8	0.14491008361262697
BESC-425	Control	1	41	9	0.1181416090882619
BESC-804	Control	1	42	10	0.13886350900682684
BESC-386	Control	1	42	11	0.1669039683833783
BESC-895	Control	1	42	12	0.15643439921492946
GW-359	Control	1	42	13	0.12783412946094272
GW-7647	Control	1	42	14	0.15977073275038478
BESC-7	Control	1	42	15	0.20143905185513894
GW-9784	Control	1	42	16	0.1053419104933612
BESC-109	Control	1	42	17	0.16423861259042286
GW-7994	Control	1	42	18	0.17002078033408102
BESC-216	Control	1	42	19	0.08746137162952611
BESC-316	Control	1	42	1	0.1868173510826885
BESC-332	Control	1	42	20	0.12661098926682324
GW-9577	Control	1	42	21	0.187481136101625
SKWA-24-3	Control	1	42	22	0.1629149519888553
BESC-869	Control	1	42	23	0.2326314083065501
BESC-190	Control	1	42	24	0.11195346110115956
BESC-119	Control	1	42	25	0.20835967220424065
GW-9771	Control	1	42	26	0.16037478605033892
GW-9959	Control	1	42	27	0.16288418203066907
BESC-86	Control	1	42	28	0.19209566683306695
BESC-1142	Control	1	42	29	0.22654697176532548
BESC-334	Control	1	42	2	0.16953816061776944
GW-2529	Control	1	42	30	0.1338614822490472
BESC-222	Control	1	42	3	0.13885098501494417
BESC-841	Control	1	42	4	0.16442783730802704
BESC-329	Control	1	42	5	0.203577789334944
BESC-384	Control	1	42	6	0.13822108576354666
BESC-252	Control	1	42	7	0.14805595464555654
BESC-284	Control	1	42	8	0.1326088118585693
BESC-812	Control	1	42	9	0.12790432744002567
GW-7136	Control	1	43	10	0.14543378425195094
GW-7144	Control	1	43	11	0.19137633451512023
GW-8552	Control	1	43	12	0.16581290765875156
GW-10986	Control	1	43	13	0.16760878542285743
BESC-439	Control	1	43	14	0.1255352877683057
GW-9802	Control	1	43	15	0.13657552565230627
BESC-404	Control	1	43	16	0.1658304985380044
GW-9780	Control	1	43	17	0.13668718768632176
BESC-866	Control	1	43	18	0.11111659367726766
BESC-385	Control	1	43	19	0.11828900412930574
HARC-26-2	Control	1	43	1	0.20241731991165254
BESC-434	Control	1	43	20	0.1252889953029055
BESC-319	Control	1	43	21	0.12012099412304358
BESC-368	Control	1	43	22	0.13569945900540054
BESC-183	Control	1	43	23	0.1657453245876001
BESC-388	Control	1	43	24	0.18458123671526233
BESC-156	Control	1	43	25	0.1618129249399054
HOMD-21-1	Control	1	43	26	0.11223489084134086
GW-9794	Control	1	43	27	0.10023386127498336
BESC-55	Control	1	43	28	0.14922284536254063
GW-9589	Control	1	43	29	0.14515114123846024
BESC-275	Control	1	43	2	0.1146514231101574
GW-6998	Control	1	43	30	0.13113497470338736
HRSO-27-4	Control	1	43	3	0.12126563566677089
BESC-460	Control	1	43	4	0.10324017292719452
GW-9835	Control	1	43	5	0.14608545589524743
LILB-26-1	Control	1	43	6	0.11512835716744721
GW-6874	Control	1	43	8	0.19514071366148403
GW-2534	Control	1	43	9	0.24068415332960025
BESC-135	Control	1	44	10	0.19562019617115445
BESC-112	Control	1	44	11	0.2258302681301134
BESC-173	Control	1	44	12	0.12153598943803993
GW-9578	Control	1	44	13	0.1298820273887913
MCMN-27-2	Control	1	44	14	0.13764462299193517
BESC-1126	Control	1	44	15	0.20411629844532767
HOMA-21-2	Control	1	44	16	0.13200910295726442
BESC-1185	Control	1	44	17	0.16719078182026084
NHTA-27-5	Control	1	44	18	0.1582399133785795
BESC-1110	Control	1	44	19	0.19293573111621118
BESC-442	Control	1	44	1	0.1671914973591617
BESC-196	Control	1	44	21	0.14378551629533615
SLMD-28-4	Control	1	44	22	0.13164034913845798
GW-7980	Control	1	44	23	0.16544644504991243
GW-9796	Control	1	44	24	0.15042114634303233
GW-10989	Control	1	44	25	0.14336531775118372
GW-9846	Control	1	44	26	0.1743781123711093
BESC-143	Control	1	44	27	0.13476891858388887
VNDL-27-3	Control	1	44	28	0.20584517403153235
GW-9577	Control	1	44	29	0.19705890570993925
WELC-27-3	Control	1	44	2	0.14111962530141445
BESC-459	Control	1	44	3	0.11892890510333627
GW-9967	Control	1	44	4	0.18979549664532305
BESC-16	Control	1	44	5	0.1892518023543696
KTMC-12-3	Control	1	44	6	0.14821791365625114
BESC-141	Control	1	44	7	0.16449713068016378
BESC-18	Control	1	44	8	0.16991903118814877
GW-9966	Control	1	44	9	0.18861754990780905
GW-9581	Control	1	45	10	0.14396047004109827
GW-9816	Control	1	45	11	0.14190505025789488
BESC-872	Control	1	45	12	0.12952029294969422
BESC-142	Control	1	45	13	0.19177300175077733
BESC-314	Control	1	45	14	0.14045548502683483
BESC-90	Control	1	45	15	0.19814371931856842
BESC-184	Control	1	45	16	0.17904480238786474
BESC-899	Control	1	45	17	0.14774091976151862
GW-9598	Control	1	45	18	0.14450466613560872
HOMD-21-3	Control	1	45	19	0.1361194714924888
BESC-1095	Control	1	45	1	0.201538181451584
BESC-4	Control	1	45	20	0.21988805207547596
BESC-860	Control	1	45	21	0.22463562542177617
GW-9785	Control	1	45	22	0.12045627837133349
BESC-373	Control	1	45	23	0.15211696456266777
GW-9774	Control	1	45	24	0.09792889506393494
BESC-264	Control	1	45	25	0.11228940707248485
HOMC-21-4	Control	1	45	26	0.1541109057238138
SLMB-28-1	Control	1	45	27	0.11411345978015323
BESC-862	Control	1	45	28	0.138902773343647
BESC-13	Control	1	45	29	0.18351339486856777
BESC-28	Control	1	45	2	0.1817640779427694
SKWE-24-1	Control	1	45	30	0.15347748125131017
HOPF-27-5	Control	1	45	3	0.11757891849041197
BESC-128	Control	1	45	4	0.1787584107751223
BESC-372	Control	1	45	5	0.15643973058647742
SKWE-24-4	Control	1	45	6	0.14634174784443169
GW-7632	Control	1	45	7	0.1932713930628557
WHTE-28-2	Control	1	45	8	0.1279567508967257
BESC-348	Control	1	45	9	0.15161076065423595
BESC-1234	Control	1	46	10	0.16377009636615233
KLNG-20-3	Control	1	46	11	0.14333235434339828
GW-9864	Control	1	46	12	0.1442496832476442
BESC-1045	Control	1	46	13	0.17830641068292905
BESC-197	Control	1	46	14	0.12129768423321284
BESC-898	Control	1	46	15	0.13359468858671164
BESC-153	Control	1	46	16	0.13889003545015072
BESC-129	Control	1	46	17	0.18097687120130676
DENC-17-1	Control	1	46	18	0.11434803422142771
BESC-455	Control	1	46	19	0.17847689463821237
BESC-871	Control	1	46	1	0.1205758839838144
GW-9834	Control	1	46	20	0.13267878800592206
GW-11027	Control	1	46	21	0.13495047737967913
BESC-867	Control	1	46	22	0.12638290610894892
GW-7979	Control	1	46	23	0.15085895247800898
BESC-92	Control	1	46	24	0.17688258796453168
BESC-93	Control	1	46	25	0.18066630104930684
BESC-243	Control	1	46	26	0.15602110390713234
BESC-1129	Control	1	46	27	0.15815314655153057
GW-9836	Control	1	46	28	0.15607582683821794
BESC-321	Control	1	46	29	0.1482097677353599
BESC-830	Control	1	46	2	0.14940504052440476
BESC-11	Control	1	46	30	0.18447425211357865
BESC-224	Control	1	46	3	0.11222673721615344
BESC-401	Control	1	46	4	0.15112857264269489
GW-10985	Control	1	46	5	0.19633892606229209
BESC-383	Control	1	46	6	0.13728804548947215
BESC-227	Control	1	46	7	0.12457073658689577
BESC-824	Control	1	46	8	0.15569534525363335
BESC-391	Control	1	46	9	0.19438725715083444
BESC-443	Control	1	4	10	0.0980837153232933
BESC-1240	Control	1	4	11	0.16825231183387843
BESC-811	Control	1	4	12	0.10548311955817703
FNYI-28-3	Control	1	4	13	0.13712445361157136
GW-7077	Control	1	4	14	0.18828263661134292
GW-7030	Control	1	4	15	0.10757732055579033
GW-10988	Control	1	4	16	0.12769360028878368
DENC-17-4	Control	1	4	18	0.1182195070777983
BESC-139	Control	1	4	19	0.20955556122640967
HOMC-21-2	Control	1	4	1	0.10515704374482568
GW-6931	Control	1	4	20	0.20480195337222834
BESC-300	Control	1	4	21	0.1506722064734554
GS-018-12	Control	1	4	22	0.1912409163112502
GW-9827	Control	1	4	23	0.13211219766514104
GW-9769	Control	1	4	24	0.13447923285421784
BESC-221	Control	1	4	26	0.14712221073062523
GW-9813	Control	1	4	28	0.15427952390828215
DENB-17-4	Control	1	4	29	0.14544890204811864
GW-2731	Control	1	4	2	0.1328456808242019
GW-8631	Control	1	4	30	0.1648948625525094
SKWE-24-5	Control	1	4	31	0.12553867198324434
BESC-1172	Control	1	4	3	0.1645169809166811
BESC-859	Control	1	4	4	0.13979783837745058
GW-8470	Control	1	4	5	0.15921462859089167
GW-7088	Control	1	4	6	0.12540240439803957
GW-9838	Control	1	4	7	0.13077059947731498
GW-4531	Control	1	4	8	0.1838390063644365
GW-6903	Control	1	4	9	0.2543442496378403
BESC-26	Control	1	5	10	0.2581054061871261
BESC-202	Control	1	5	11	0.15287554325008515
BESC-226	Control	1	5	12	0.11471690039397837
BESC-428	Control	1	5	13	0.1528761682504352
BESC-416	Control	1	5	14	0.13335218750383457
BESC-827	Control	1	5	15	0.1944540453850843
BESC-868	Control	1	5	16	0.1129945780313765
GW-9865	Control	1	5	17	0.14935424247239676
GW-9868	Control	1	5	18	0.08764989245785727
BESC-1031	Control	1	5	19	0.1885949526699011
GW-10998	Control	1	5	1	0.13877613259845917
BESC-96	Control	1	5	20	0.18434901702003062
DENA-17-3	Control	1	5	21	0.12562643453528569
BESC-65	Control	1	5	22	0.11399990902043208
BESC-337	Control	1	5	23	0.10875630838287742
GW-9821	Control	1	5	24	0.16200064997392902
GW-9850	Control	1	5	25	0.17306042930219773
BESC-262	Control	1	5	26	0.15112940968125363
GW-9909	Control	1	5	27	0.11456859736559474
BESC-198	Control	1	5	28	0.12464951440577861
GW-6977	Control	1	5	29	0.16528251842754257
GW-9899	Control	1	5	2	0.1144972440024666
GW-7982	Control	1	5	30	0.21060068853989092
GW-6952	Control	1	5	31	0.15062329601034732
LILA-26-5	Control	1	5	3	0.1403075132049854
KLNG-20-7	Control	1	5	4	0.10982325962444094
BESC-1067	Control	1	5	5	0.20495896996142077
GW-2727	Control	1	5	6	0.1473585515005114
GW-1921	Control	1	5	7	0.1289315553780525
BESC-37	Control	1	5	8	0.21909765705599163
BESC-95	Control	1	5	9	0.17769696944044633
GW-9847	Control	1	6	10	0.10665371432564559
BESC-304	Control	1	6	11	0.13968805769103768
BESC-810	Control	1	6	12	0.19469756325709942
BESC-270	Control	1	6	13	0.10455381989479562
GW-7991	Control	1	6	14	0.1858250878063001
BESC-433	Control	1	6	15	0.15483440690362943
BESC-282	Control	1	6	16	0.13737913905752458
BESC-213	Control	1	6	17	0.15335392515520016
BESC-820	Control	1	6	18	0.17737248550332496
BESC-441	Control	1	6	19	0.1470583047264958
GW-9905	Control	1	6	1	0.17075369265491597
BESC-449	Control	1	6	20	0.15582896319468512
GW-10993	Control	1	6	21	0.14639720290185823
BESC-336	Control	1	6	22	0.14355622001207816
GW-9885	Control	1	6	23	0.13089644218665028
BESC-242	Control	1	6	24	0.21332907448635782
BESC-94	Control	1	6	25	0.18559068557783975
BESC-69	Control	1	6	26	0.10945796783743847
BESC-390	Control	1	6	27	0.12697865089142518
BESC-317	Control	1	6	29	0.17406142938654914
GW-9823	Control	1	6	2	0.11858693682569851
BESC-1154	Control	1	6	30	0.1794666253993667
SKWA-24-2	Control	1	6	31	0.1222652620342603
BESC-444	Control	1	6	3	0.14053309140975867
BESC-451	Control	1	6	4	0.1559946903678326
BESC-302	Control	1	6	5	0.06918588431076697
BESC-1174	Control	1	6	7	0.16252089437261938
GW-11001	Control	1	6	8	0.13122903182236859
CMBF-28-3	Control	1	6	9	0.1491462786842149
BESC-318	Control	1	7	10	0.13432024807943388
BESC-285	Control	1	7	11	0.1291384927781605
BESC-403	Control	1	7	12	0.12262523522207075
BESC-323	Control	1	7	13	0.1437550307464356
GW-9789	Control	1	7	14	0.15182084758665118
BESC-299	Control	1	7	15	0.11573008513568699
BESC-85	Control	1	7	17	0.14977784011721793
BESC-258	Control	1	7	18	0.15613987582308644
GW-10955	Control	1	7	19	0.18426516746765842
BESC-235	Control	1	7	1	0.17334723044571576
GW-9866	Control	1	7	20	0.1535575706642636
BESC-1096	Control	1	7	21	0.22251928571080276
BESC-885	Control	1	7	22	0.15417259864969787
BESC-247	Control	1	7	23	0.20080335217508793
GW-11048	Control	1	7	24	0.22713495791753843
BESC-340	Control	1	7	25	0.13928521707030103
GW-10983	Control	1	7	26	0.16141628925173016
BESC-886	Control	1	7	27	0.15260677360209393
BESC-463	Control	1	7	28	0.16425183419047912
CHWK-27-4	Control	1	7	29	0.11276559463114388
BESC-852	Control	1	7	2	0.19245695428081114
GW-9878	Control	1	7	30	0.1434511669152647
HOMA-21-5	Control	1	7	31	0.11682059132790219
BESC-907	Control	1	7	3	0.12182061779138306
GW-9890	Control	1	7	4	0.10331762909966347
GW-11021	Control	1	7	5	0.16674996108469378
BESC-816	Control	1	7	6	0.17464713732861234
GW-9874	Control	1	7	7	0.1309216440657155
BESC-387	Control	1	7	8	0.230768317404708
BESC-25	Control	1	7	9	0.18021129445318004
BESC-274	Control	1	8	10	0.13239630784801376
BLCG-28-3	Control	1	8	11	0.10188978903698
BESC-58	Control	1	8	12	0.14686098618017246
BESC-402	Control	1	8	13	0.12358631140460344
BESC-1043	Control	1	8	14	0.1993454485598615
BESC-846	Control	1	8	15	0.14545568637772488
GW-7977	Control	1	8	16	0.1655161486785842
GW-9920	Control	1	8	17	0.18225167626935393
BESC-832	Control	1	8	18	0.15127262622873505
BESC-817	Control	1	8	19	0.10745227833713594
BESC-78	Control	1	8	1	0.15403815557981093
DENB-17-3	Control	1	8	20	0.12597076200471735
BESC-31	Control	1	8	21	0.17154544498300633
BESC-338	Control	1	8	22	0.13080092998752832
BESC-30	Control	1	8	2	0.15930463638167422
BESC-72	Control	1	8	3	0.15534249647110773
GW-9918	Control	1	8	4	0.16025113855838352
BESC-910	Control	1	8	5	0.1837387501177185
BESC-874	Control	1	8	6	0.16091792636461938
BESC-879	Control	1	8	7	0.12596696791508571
GW-9903	Control	1	8	8	0.12806388704548183
BESC-1119	Control	1	8	9	0.16120953906005236
BESC-158	Control	1	9	10	0.09581873678618863
GW-4610	Control	1	9	11	0.3245747173587216
DENC-17-3	Control	1	9	12	0.12105959306254221
BESC-215	Control	1	9	13	0.17369508482115784
BESC-906	Control	1	9	14	0.12466846475965739
SLMD-28-3	Control	1	9	15	0.14387852761410488
BESC-458	Control	1	9	16	0.19314912085739125
BESC-440	Control	1	9	17	0.2406129619866721
BESC-149	Control	1	9	18	0.12217264348487683
GLCA-26-1	Control	1	9	19	0.12427423584386847
BESC-297	Control	1	9	1	0.10758103574007805
BESC-176	Control	1	9	20	0.17050740443345058
BESC-207	Control	1	9	21	0.11540036421906572
GW-9876	Control	1	9	22	0.14715833657495156
BESC-362	Control	1	9	23	0.1288915653250799
BESC-294	Control	1	9	24	0.1363945258941971
GW-9882	Control	1	9	25	0.15926259119319827
BESC-448	Control	1	9	26	0.13419344103216238
BESC-413	Control	1	9	27	0.16018132238816998
BESC-47	Control	1	9	28	0.18793825463409103
BESC-828	Control	1	9	29	0.14867686741913505
GW-2393	Control	1	9	2	0.14959300303825943
BESC-1038	Control	1	9	30	0.23019663038211055
GW-7990	Control	1	9	31	0.18582794630725064
GW-6969	Control	1	9	3	0.11590154136650602
VNDL-27-4	Control	1	9	4	0.1454203433084102
BESC-1141	Control	1	9	5	0.22335427262555277
GLCB-26-2	Control	1	9	6	0.09189763835553445
CA-04-03	Control	1	9	7	0.1252885590275404
GW-10999	Control	1	9	8	0.13421185758854212
GW-9831	Control	1	9	9	0.14715896631984285
BESC-859	Control	2	22	37	0.16311359457002664
KLNG-20-4	Control	2	22	55	0.1481611504314767
BESC-74	Control	2	22	56	0.21576132993583022
BESC-406	Control	2	24	53	0.14865114185054837
SKWD-24-5	Control	2	25	43	0.1554946664280328
BESC-417	Control	2	25	47	0.10893276097270355
CHWH-27-5	Control	2	25	57	0.14623716200175746
BESC-116	Control	2	26	37	0.20973218957069326
BESC-888	Control	2	26	42	0.19591731497369236
BESC-159	Control	2	26	43	0.11886867988947916
BESC-151	Control	2	26	45	0.14681440935118292
DENC-17-3	Control	2	26	47	0.14608462743615125
BESC-42	Control	2	26	48	0.1458908364001302
BESC-169	Control	2	26	51	0.09965001024197684
VNDL-27-4	Control	2	26	52	0.14025379220653164
BESC-46	Control	2	26	53	0.187901086898354
CMBF-28-1	Control	2	26	55	0.1532253622384989
BESC-415	Control	2	26	58	0.11761200858588472
BESC-392	Control	2	26	60	0.1283756267222759
CNYH-28-5	Control	2	26	61	0.1779586190293721
BESC-469	Control	2	27	41	0.10928205979193978
GW-9758	Control	2	27	53	0.10771718241008629
BESC-470	Control	2	28	31	0.1829564425937448
BESC-906	Control	2	28	46	0.10985691739693786
KLND-20-5	Control	2	31	31	0.16246814010823085
GW-9757	Control	2	31	35	0.1559988681926279
BESC-418	Control	2	31	37	0.14024966817061224
GW-7983	Control	2	31	38	0.2632237064053601
BESC-36	Control	2	31	44	0.17640392998527193
BESC-426	Control	2	31	46	0.16451207640013224
GW-9948	Control	2	31	49	0.1554236307813732
BESC-819	Control	2	31	50	0.1446202856597695
BESC-458	Control	2	31	52	0.18206004531872536
BESC-193	Control	2	32	31	0.126307401454738
BESC-417	Control	2	32	50	0.09852946379678455
BESC-237	Control	2	32	51	0.14421423560575702
BESC-127	Control	2	32	52	0.1664315639590141
NHTA-27-3	Control	2	32	54	0.14848537384160826
GW-7993	Control	2	32	55	0.24206136551392843
BESC-440	Control	2	32	56	0.19638833559934568
GW-9763	Control	2	32	57	0.13405786428283883
HRSO-27-5	Control	2	32	58	0.19444669723429459
BESC-133	Control	2	32	59	0.15446414156989155
NHTB-27-4	Control	2	33	50	0.13829863108873142
HOMA-21-2	Control	2	34	31	0.09591576611172398
BESC-37	Control	2	35	31	0.19847545493772123
BLCG-28-3	Control	2	35	59	0.13814807362063491
BESC-279	Control	2	36	31	0.10827779410361278
HOPF-27-5	Control	2	36	33	0.12672116629307334
GW-9900	Control	2	36	44	0.14249612616740823
BESC-174	Control	2	36	45	0.17016250062484342
BESC-176	Control	2	36	49	0.14929452088740286
BESC-850	Control	2	36	50	0.11270919499871579
GW-7981	Control	2	36	52	0.16793926176458052
BESC-161	Control	2	36	59	0.16458341333133022
MCMN-27-4	Control	2	37	34	0.17963341519342144
BESC-179	Control	2	37	35	0.16118708030471274
BESC-855	Control	2	37	38	0.10990029697801516
WELC-27-1	Control	2	37	39	0.15715514709839853
GW-9829	Control	2	37	40	0.12806067333192986
GW-9896	Control	2	37	41	0.1519125068041488
CHWK-27-3	Control	2	37	42	0.11781780046284338
BESC-158	Control	2	37	43	0.090072738586457
BESC-33	Control	2	37	48	0.16807024201098703
CHWH-27-3	Control	2	37	49	0.13330304893184253
SLMC-28-3	Control	2	37	51	0.21146819712267884
BESC-906	Control	2	37	53	0.10891429102181864
BESC-76	Control	2	38	44	0.21388652393776753
BESC-876	Control	2	38	46	0.12956055135688427
BESC-322	Control	2	38	48	0.1219922653439102
BESC-105	Control	2	38	50	0.20378346022959948
GW-7973	Control	2	39	33	0.18581123400388416
BESC-1028	Control	2	39	44	0.22626938838315985
BESC-81	Control	2	39	46	0.18268802930536035
GW-9953	Control	2	39	48	0.14410111073160795
GW-7980	Control	2	39	50	0.16909404190457597
BESC-853	Control	2	39	58	0.17077430775728367
BESC-129	Control	2	40	32	0.17912574094223196
BESC-153	Control	2	40	33	0.12209151260607402
GW-9765	Control	2	40	34	0.14447784783236328
GW-9771	Control	2	40	35	0.15987078616927966
GW-9582	Control	2	40	36	0.15385646624958865
GW-9816	Control	2	40	37	0.1336142832715746
BESC-163	Control	2	40	38	0.14162036837200298
GW-9907	Control	2	40	43	0.17480065706952105
BESC-121	Control	2	40	44	0.16147805256850187
BESC-186	Control	2	40	46	0.14583182512852583
MCMN-27-3	Control	2	40	49	0.13501356982701887
GW-11053	Control	2	40	51	0.14315877188531048
GW-9777	Control	2	41	31	0.1197666465760202
BESC-450	Control	2	41	32	0.16945664762378068
GW-9796	Control	2	41	34	0.1532405726729089
GW-9893	Control	2	41	35	0.142099715693305
KLNE-20-4	Control	2	41	39	0.1285368086002714
BESC-17	Control	2	41	44	0.20057957453210265
GW-4579	Control	2	42	43	0.13403176901163324
HARC-26-1	Control	2	42	53	0.12217730543084711
BESC-77	Control	2	43	32	0.19671362586547586
BESC-312	Control	2	43	35	0.13945829827457557
BESC-12	Control	2	43	40	0.10856920477988798
DEND-17-2	Control	2	43	52	0.12639147491783156
BESC-37	Control	2	44	44	0.23923639757174517
SKWA-24-3	Control	2	44	48	0.1793638860289601
BESC-469	Control	2	44	53	0.13620871027791734
GW-7981	Control	2	44	54	0.2030983417880151
KLNA-20-4	Control	2	45	35	0.15248850652040538
SLMC-28-2	Control	2	45	38	0.1507667087826917
BESC-330	Control	2	45	45	0.15509561137670708
FNYI-28-2	Control	2	45	46	0.12412686126812686
GW-9837	Control	2	45	47	0.17433519736333525
BESC-134	Control	2	45	48	0.15773183013627817
HARB-26-5	Control	2	45	49	0.17361796032950608
SKWA-24-4	Control	2	45	51	0.16122505057971312
BESC-259	Control	2	45	57	0.195397100561387
BESC-321	Control	2	46	32	0.13902017151097126
GW-9963	Control	2	46	33	0.164973815660649
GW-9953	Control	2	46	34	0.17864578199397688
SQMB-25-4	Control	2	46	36	0.1470123507813806
KLNG-20-6	Control	2	46	38	0.14609510775538634
BESC-856	Control	2	46	39	0.12457452412454359
BESC-183	Control	2	46	40	0.1348973808540687
LILD-26-3	Control	2	46	41	0.15467118572800964
BESC-368	Control	2	46	42	0.14561365787458758
SKWE-24-3	Control	2	46	43	0.14723741200943752
BESC-136	Control	2	46	44	0.1694575102156301
GW-11026	Control	2	46	46	0.11421160054332201
HOMA-21-5	Control	2	46	47	0.12300958851663235
SLMB-28-4	Control	2	46	48	0.17338490715127622
GW-9778	Control	2	46	49	0.11205211718249115
BESC-59	Control	2	46	50	0.1334914095800099
BESC-143	Control	2	46	51	0.13150035121891115
